week_start,total_crashes,avg_speed,std_speed,min_speed,max_speed,avg_npmrds,std_npmrds,avg_speed_deviation,max_speed_deviation,avg_speed_ratio,min_speed_ratio,total_congestion_hours,total_weekend_hours,total_rush_hours,total_night_hours,total_peak_crash_hours,speed_variability,speed_range,pct_congested,pct_rush_hour,year,month,quarter,week_of_year,week_sin,week_cos,month_sin,month_cos,crashes_lag_1w,crashes_lag_2w,crashes_lag_3w,crashes_lag_4w,crashes_lag_8w,crashes_lag_12w,crashes_rolling_mean_2w,crashes_rolling_std_2w,crashes_rolling_max_2w,crashes_rolling_mean_4w,crashes_rolling_std_4w,crashes_rolling_max_4w,crashes_rolling_mean_8w,crashes_rolling_std_8w,crashes_rolling_max_8w,crashes_rolling_mean_12w,crashes_rolling_std_12w,crashes_rolling_max_12w,crash_change_1w,crash_change_4w
2021-01-04,1,67.29125,3.7020080610677426,55.99,82.47,3348.0833333333335,2023.0891994106269,6.7058333333333335,24.819999999999993,0.989577205882353,0.8233823529411765,0,48,24,32,16,0.055014701927334424,26.479999999999997,0.0,0.14285714285714285,2021,1,1,1,0.12053668025532305,0.992708874098054,0.49999999999999994,0.8660254037844387,0.0,0.0,0.0,0.0,0.0,0.0,1.0,0.0,1.0,1.0,0.0,1.0,1.0,0.0,1.0,1.0,0.0,1.0,0.0,0.0
2021-01-11,0,65.42497005988024,3.6902678706198975,48.78,72.91,3496.311377245509,2095.8314073422766,6.56125748502994,34.02,0.9621319126452977,0.7173529411764706,0,47,42,55,28,0.05640457866839493,24.129999999999995,0.0,0.25,2021,1,1,2,0.23931566428755774,0.970941817426052,0.49999999999999994,0.8660254037844387,1.0,0.0,0.0,0.0,0.0,0.0,0.5,0.7071067811865476,1.0,0.5,0.7071067811865476,1.0,0.5,0.7071067811865476,1.0,0.5,0.7071067811865476,1.0,-1.0,0.0
2021-01-18,2,66.38464285714286,3.903923696867884,44.91,76.0,3478.565476190476,2102.168616902743,7.704285714285714,35.02,0.9762447478991596,0.6604411764705882,1,48,42,56,28,0.058807632742243925,31.090000000000003,0.005952380952380952,0.25,2021,1,1,3,0.3546048870425356,0.9350162426854148,0.49999999999999994,0.8660254037844387,0.0,1.0,0.0,0.0,0.0,0.0,1.0,1.4142135623730951,2.0,1.0,1.0,2.0,1.0,1.0,2.0,1.0,1.0,2.0,2.0,0.0
2021-01-25,3,64.37797619047619,6.353993374863787,24.63,73.53,3478.565476190476,2102.168616902743,7.310833333333333,37.370000000000005,0.9467349439775911,0.36220588235294116,4,48,42,56,28,0.09869824668088542,48.900000000000006,0.023809523809523808,0.25,2021,1,1,4,0.4647231720437685,0.8854560256532099,0.49999999999999994,0.8660254037844387,2.0,0.0,1.0,0.0,0.0,0.0,2.5,0.7071067811865476,3.0,1.5,1.2909944487358056,3.0,1.5,1.2909944487358056,3.0,1.5,1.2909944487358056,3.0,1.0,0.0
2021-02-01,1,65.50845238095238,4.130578679224476,29.78,72.91,3478.565476190476,2102.168616902743,7.0914285714285725,34.79,0.963359593837535,0.4379411764705883,1,48,42,56,28,0.06305413315527367,43.129999999999995,0.005952380952380952,0.25,2021,2,1,5,0.5680647467311558,0.8229838658936564,0.8660254037844386,0.5000000000000001,3.0,2.0,0.0,1.0,0.0,0.0,2.0,1.4142135623730951,3.0,1.5,1.2909944487358056,3.0,1.4,1.140175425099138,3.0,1.4,1.140175425099138,3.0,-2.0,0.0
2021-02-08,1,65.78565476190477,3.2334456584586,53.84,71.93,3478.565476190476,2102.168616902743,6.8013690476190485,34.48,0.9674360994397759,0.791764705882353,0,48,42,56,28,0.04915122712027832,18.090000000000003,0.0,0.25,2021,2,1,6,0.6631226582407952,0.7485107481711011,0.8660254037844386,0.5000000000000001,1.0,3.0,2.0,0.0,0.0,0.0,1.0,0.0,1.0,1.75,0.9574271077563381,3.0,1.3333333333333333,1.0327955589886444,3.0,1.3333333333333333,1.0327955589886444,3.0,0.0,1.0
2021-02-15,3,58.86309523809524,9.131118206630015,30.32,68.74,3478.565476190476,2102.168616902743,8.090833333333332,32.95,0.8656337535014006,0.44588235294117645,26,48,42,56,28,0.155124669705111,38.419999999999995,0.15476190476190477,0.25,2021,2,1,7,0.7485107481711011,0.6631226582407953,0.8660254037844386,0.5000000000000001,1.0,1.0,3.0,2.0,0.0,0.0,2.0,1.4142135623730951,3.0,2.0,1.1547005383792515,3.0,1.5714285714285714,1.1338934190276817,3.0,1.5714285714285714,1.1338934190276817,3.0,2.0,1.0
2021-02-22,2,56.89606060606061,9.160628486331994,27.3,69.11,3532.787878787879,2081.88883160683,8.373030303030303,33.7,0.8367067736185384,0.40147058823529413,30,47,42,53,28,0.1610063752877154,41.81,0.17857142857142858,0.25,2021,2,1,8,0.8229838658936564,0.5680647467311559,0.8660254037844386,0.5000000000000001,3.0,1.0,1.0,3.0,0.0,0.0,2.5,0.7071067811865476,3.0,1.75,0.9574271077563382,3.0,1.625,1.0606601717798212,3.0,1.625,1.0606601717798212,3.0,-1.0,-1.0
2021-03-01,1,62.20470238095238,7.0332505347488645,27.69,74.29,3478.565476190476,2102.168616902743,5.193154761904762,31.729999999999997,0.9147750350140056,0.4072058823529412,7,48,42,56,28,0.11306621952269813,46.60000000000001,0.041666666666666664,0.25,2021,3,1,9,0.8854560256532099,0.4647231720437686,1.0,6.123233995736766e-17,2.0,3.0,1.0,1.0,1.0,0.0,1.5,0.7071067811865476,2.0,1.75,0.9574271077563382,3.0,1.625,1.0606601717798212,3.0,1.5555555555555556,1.0137937550497031,3.0,-1.0,0.0
2021-03-08,2,64.23154761904762,5.596684539086883,29.48,71.19,3478.565476190476,2102.168616902743,5.6375,31.819999999999993,0.9445815826330533,0.4335294117647059,5,48,42,56,28,0.08713295485701808,41.709999999999994,0.02976190476190476,0.25,2021,3,1,10,0.9350162426854148,0.35460488704253557,1.0,6.123233995736766e-17,1.0,2.0,3.0,1.0,0.0,0.0,1.5,0.7071067811865476,2.0,2.0,0.8164965809277261,3.0,1.875,0.8345229603962802,3.0,1.6,0.9660917830792958,3.0,1.0,1.0
2021-03-15,2,63.50784431137724,8.681479325369601,12.58,71.55,3495.7604790419164,2096.607397878373,6.462095808383234,48.42,0.9339388869320183,0.185,8,47,42,55,28,0.13669932304432414,58.97,0.047619047619047616,0.25,2021,3,1,11,0.970941817426052,0.23931566428755804,1.0,6.123233995736766e-17,2.0,1.0,2.0,3.0,2.0,0.0,2.0,0.0,2.0,1.75,0.5000000000000001,2.0,1.875,0.8345229603962802,3.0,1.6363636363636365,0.9244162777371753,3.0,0.0,-1.0
2021-03-22,0,64.75297619047619,4.202169180291174,40.14,71.47,3478.565476190476,2102.168616902743,5.957380952380952,37.11,0.952249649859944,0.5902941176470589,1,48,42,56,28,0.06489538284588106,31.33,0.005952380952380952,0.25,2021,3,1,12,0.992708874098054,0.120536680255323,1.0,6.123233995736766e-17,2.0,2.0,1.0,2.0,3.0,0.0,1.0,1.4142135623730951,2.0,1.25,0.9574271077563382,2.0,1.5,0.9258200997725513,3.0,1.5,0.9999999999999999,3.0,-2.0,-2.0
2021-03-29,3,63.041785714285716,9.303847399482038,13.94,71.85,3478.565476190476,2102.168616902743,6.294166666666667,35.650000000000006,0.9270850840336134,0.205,8,48,42,56,28,0.14758223127828882,57.91,0.047619047619047616,0.25,2021,3,1,13,1.0,-1.6081226496766366e-16,1.0,6.123233995736766e-17,0.0,2.0,2.0,1.0,1.0,1.0,1.5,2.1213203435596424,3.0,1.75,1.2583057392117918,3.0,1.75,1.035098339013531,3.0,1.6666666666666667,1.0730867399773196,3.0,3.0,2.0
2021-04-05,6,65.07035714285715,6.852249326299287,13.75,72.83,3478.565476190476,2102.168616902743,6.740476190476191,36.25,0.9569170168067226,0.20220588235294118,4,48,42,56,28,0.10530523616545827,59.08,0.023809523809523808,0.25,2021,4,2,14,0.992708874098054,-0.12053668025532288,0.8660254037844387,-0.4999999999999998,3.0,0.0,2.0,2.0,1.0,0.0,4.5,2.1213203435596424,6.0,2.75,2.5,6.0,2.375,1.7677669529663687,6.0,2.1666666666666665,1.5275252316519465,6.0,3.0,4.0
2021-04-12,0,64.97251497005988,6.3949946276306715,34.56,72.45,3496.1437125748503,2096.0701993080042,6.5030538922155685,31.689999999999998,0.95547816132441,0.5082352941176471,7,48,42,55,28,0.09842615189788424,37.89,0.041666666666666664,0.25,2021,4,2,15,0.9709418174260521,-0.2393156642875575,0.8660254037844387,-0.4999999999999998,6.0,3.0,0.0,2.0,3.0,2.0,3.0,4.242640687119285,6.0,2.25,2.8722813232690143,6.0,2.0,1.9272482233188628,6.0,2.0,1.651445647689541,6.0,-6.0,-2.0
2021-04-19,2,65.2982738095238,5.1678644284585005,35.24,74.33,3478.565476190476,2102.168616902743,6.202559523809524,27.299999999999997,0.9602687324929972,0.5182352941176471,3,48,42,56,28,0.07914243558004688,39.089999999999996,0.017857142857142856,0.25,2021,4,2,16,0.9350162426854148,-0.35460488704253545,0.8660254037844387,-0.4999999999999998,0.0,6.0,3.0,0.0,2.0,3.0,1.0,1.4142135623730951,2.0,2.75,2.5,6.0,2.0,1.9272482233188628,6.0,1.9166666666666667,1.6213537179739277,6.0,2.0,2.0
2021-04-26,4,63.274345238095236,9.711948603473154,12.16,73.17,3478.565476190476,2102.168616902743,5.997916666666667,49.3,0.9305050770308123,0.17882352941176471,9,48,42,56,28,0.1534895156469503,61.010000000000005,0.05357142857142857,0.25,2021,4,2,17,0.8854560256532099,-0.4647231720437685,0.8660254037844387,-0.4999999999999998,2.0,0.0,6.0,3.0,1.0,1.0,3.0,1.4142135623730951,4.0,3.0,2.581988897471611,6.0,2.375,1.9955307206712845,6.0,2.1666666666666665,1.696699112626596,6.0,2.0,1.0
2021-05-03,5,64.58624999999999,6.627286245443301,28.45,72.49,3478.565476190476,2102.168616902743,6.357678571428571,32.99,0.9497977941176471,0.4183823529411765,7,48,42,56,28,0.1026114110270112,44.03999999999999,0.041666666666666664,0.25,2021,5,2,18,0.8229838658936565,-0.5680647467311557,0.49999999999999994,-0.8660254037844387,4.0,2.0,0.0,6.0,2.0,1.0,4.5,0.7071067811865476,5.0,2.75,2.217355782608345,5.0,2.75,2.187627547301936,6.0,2.5,1.834021909257456,6.0,1.0,-1.0
2021-05-10,5,64.10293413173653,8.957045507899075,15.47,75.53,3496.934131736527,2094.924371460998,6.2804191616766465,31.909999999999997,0.9426902078196548,0.2275,12,48,42,55,28,0.13972910334325175,60.06,0.07142857142857142,0.25,2021,5,2,19,0.7485107481711013,-0.663122658240795,0.49999999999999994,-0.8660254037844387,5.0,4.0,2.0,0.0,2.0,3.0,5.0,0.0,5.0,4.0,1.4142135623730951,5.0,3.125,2.2951812875799464,6.0,2.6666666666666665,1.9694638556693236,6.0,0.0,5.0
2021-05-17,1,65.35488095238095,5.769680507566732,25.45,72.85,3478.565476190476,2102.168616902743,6.877976190476191,32.099999999999994,0.9611011904761905,0.37426470588235294,4,48,42,56,28,0.08828231990462429,47.39999999999999,0.023809523809523808,0.25,2021,5,2,20,0.6631226582407952,-0.7485107481711012,0.49999999999999994,-0.8660254037844387,5.0,5.0,4.0,2.0,0.0,2.0,3.0,2.8284271247461903,5.0,3.75,1.8929694486000914,5.0,3.25,2.121320343559642,6.0,2.5833333333333335,2.0207259421636903,6.0,-4.0,-1.0
2021-05-24,2,66.58766467065868,3.6977871836480203,49.13,73.38,3496.934131736527,2094.9243714609984,7.315089820359282,32.59,0.9792303628038042,0.7225,0,48,42,55,28,0.05553261556682015,24.249999999999993,0.0,0.25,2021,5,2,21,0.5680647467311558,-0.8229838658936564,0.49999999999999994,-0.8660254037844387,1.0,5.0,5.0,4.0,3.0,1.0,1.5,0.7071067811865476,2.0,3.25,2.0615528128088303,5.0,3.125,2.167124493754009,6.0,2.6666666666666665,1.9694638556693236,6.0,1.0,-2.0
2021-05-31,2,65.91738095238095,5.768864731049252,31.49,73.4,3478.565476190476,2102.168616902743,7.7666666666666675,31.15,0.9693732492997198,0.46308823529411763,3,48,42,56,28,0.08751659498147703,41.91000000000001,0.017857142857142856,0.25,2021,5,2,22,0.46472317204376906,-0.8854560256532096,0.49999999999999994,-0.8660254037844387,2.0,1.0,5.0,5.0,6.0,2.0,2.0,0.0,2.0,2.5,1.7320508075688772,5.0,2.625,1.8468119248354133,5.0,2.6666666666666665,1.9694638556693236,6.0,0.0,-3.0
2021-06-07,4,65.82720238095237,5.217294125763368,34.54,79.89,3478.565476190476,2102.168616902743,6.989107142857144,31.099999999999994,0.968047093837535,0.5079411764705882,2,48,42,56,28,0.07925741846919251,45.35,0.011904761904761904,0.25,2021,6,2,23,0.35460488704253584,-0.9350162426854147,1.2246467991473532e-16,-1.0,2.0,2.0,1.0,5.0,0.0,2.0,3.0,1.4142135623730951,4.0,2.25,1.2583057392117916,4.0,3.125,1.5526475085202964,5.0,2.8333333333333335,1.9924098397912438,6.0,2.0,-1.0
2021-06-14,1,65.63904761904762,6.87850624695039,21.16,79.08,3478.565476190476,2102.168616902743,7.735595238095238,40.84,0.9652801120448179,0.3111764705882353,4,48,42,56,28,0.10479290142769127,57.92,0.023809523809523808,0.25,2021,6,2,24,0.23931566428755768,-0.970941817426052,1.2246467991473532e-16,-1.0,4.0,2.0,2.0,1.0,2.0,0.0,2.5,2.1213203435596424,4.0,2.25,1.2583057392117916,4.0,3.0,1.6903085094570327,5.0,2.9166666666666665,1.880924981991251,6.0,-3.0,0.0
2021-06-21,2,65.15875,9.268023075152376,9.9,85.0,3478.565476190476,2102.168616902743,7.536130952380952,39.42,0.9582169117647058,0.14558823529411766,7,48,42,56,28,0.14223758244521842,75.1,0.041666666666666664,0.25,2021,6,2,25,0.12053668025532308,-0.992708874098054,1.2246467991473532e-16,-1.0,1.0,4.0,2.0,2.0,4.0,3.0,1.5,0.7071067811865476,2.0,2.25,1.2583057392117916,4.0,2.75,1.6690459207925599,5.0,2.8333333333333335,1.8989630344113089,6.0,1.0,0.0
2021-06-28,2,66.22815476190476,5.7667299589125145,27.56,72.32,3478.565476190476,2102.168616902743,7.799107142857143,32.84,0.9739434523809524,0.4052941176470588,5,48,42,56,28,0.08707369214262946,44.75999999999999,0.02976190476190476,0.25,2021,6,2,26,-3.216245299353273e-16,-1.0,1.2246467991473532e-16,-1.0,2.0,1.0,4.0,2.0,5.0,6.0,2.0,0.0,2.0,2.25,1.2583057392117916,4.0,2.375,1.4078859531733583,5.0,2.5,1.6236882817719773,5.0,0.0,0.0
2021-07-05,2,66.30619047619048,5.922946124172408,32.58,74.76,3478.565476190476,2102.168616902743,7.6763095238095245,32.28,0.9750910364145658,0.4791176470588235,5,48,42,56,28,0.08932719677658522,42.18000000000001,0.02976190476190476,0.25,2021,7,3,27,-0.12053668025532283,-0.992708874098054,-0.4999999999999997,-0.8660254037844388,2.0,2.0,1.0,4.0,5.0,0.0,2.0,0.0,2.0,1.75,0.4999999999999998,2.0,2.0,0.9258200997725506,4.0,2.6666666666666665,1.4354811251305468,5.0,0.0,-2.0
2021-07-12,1,65.83952380952381,6.503555435668935,24.3,80.78,3478.565476190476,2102.168616902743,7.422142857142857,32.31,0.9682282913165265,0.3573529411764706,3,48,42,56,28,0.09877889540155185,56.480000000000004,0.017857142857142856,0.25,2021,7,3,28,-0.23931566428755743,-0.9709418174260521,-0.4999999999999997,-0.8660254037844388,2.0,2.0,2.0,1.0,1.0,2.0,1.5,0.7071067811865476,2.0,1.75,0.4999999999999998,2.0,2.0,0.9258200997725506,4.0,2.5833333333333335,1.5050420310248864,5.0,-1.0,0.0
2021-07-19,2,64.44166666666668,8.07541568731629,26.17,73.94,3478.565476190476,2102.168616902743,5.801428571428572,30.36,0.947671568627451,0.3848529411764706,11,48,42,56,28,0.12531357590559353,47.769999999999996,0.06547619047619048,0.25,2021,7,3,29,-0.3546048870425356,-0.9350162426854148,-0.4999999999999997,-0.8660254037844388,1.0,2.0,2.0,2.0,2.0,4.0,1.5,0.7071067811865476,2.0,1.75,0.4999999999999998,2.0,2.0,0.9258200997725506,4.0,2.4166666666666665,1.443375672974064,5.0,1.0,0.0
2021-07-26,1,62.83583333333333,11.618853067613271,9.67,76.48,3478.565476190476,2102.168616902743,6.713928571428572,46.2,0.9240563725490196,0.14220588235294118,11,48,42,56,28,0.18490807635155002,66.81,0.06547619047619048,0.25,2021,7,3,30,-0.46472317204376806,-0.8854560256532101,-0.4999999999999997,-0.8660254037844388,2.0,1.0,2.0,2.0,2.0,5.0,1.5,0.7071067811865476,2.0,1.5,0.5773502691896256,2.0,1.875,0.9910312089651141,4.0,2.0833333333333335,1.2401124093721452,5.0,-1.0,-1.0
2021-08-02,1,65.25928571428571,6.3448725653061295,23.25,72.9,3478.565476190476,2102.168616902743,6.577142857142857,31.989999999999995,0.9596953781512605,0.34191176470588236,6,48,42,56,28,0.09722559013417446,49.650000000000006,0.03571428571428571,0.25,2021,8,3,31,-0.5680647467311556,-0.8229838658936566,-0.8660254037844385,-0.5000000000000004,1.0,2.0,1.0,2.0,4.0,5.0,1.0,0.0,1.0,1.25,0.4999999999999998,2.0,1.5,0.5345224838248472,2.0,1.75,0.8660254037844377,4.0,0.0,-1.0
2021-08-09,1,66.3307738095238,5.153720706653031,36.84,75.52,3478.565476190476,2102.168616902743,7.555654761904761,31.25,0.975452556022409,0.541764705882353,3,48,42,56,28,0.07769728002047004,38.67999999999999,0.017857142857142856,0.25,2021,8,3,32,-0.663122658240795,-0.7485107481711013,-0.8660254037844385,-0.5000000000000004,1.0,1.0,2.0,1.0,1.0,1.0,1.0,0.0,1.0,1.25,0.4999999999999998,2.0,1.5,0.5345224838248472,2.0,1.75,0.8660254037844377,4.0,0.0,0.0
2021-08-16,4,64.93648809523809,7.720731492436489,27.67,76.47,3478.565476190476,2102.168616902743,6.639702380952381,33.08,0.9549483543417367,0.40691176470588236,10,48,42,56,28,0.11889665916507523,48.8,0.05952380952380952,0.25,2021,8,3,33,-0.7485107481711011,-0.6631226582407952,-0.8660254037844385,-0.5000000000000004,1.0,1.0,1.0,2.0,2.0,2.0,2.5,2.1213203435596424,4.0,1.75,1.4999999999999998,4.0,1.75,1.0350983390135304,4.0,1.9166666666666667,1.0836246694508311,4.0,3.0,2.0
2021-08-23,1,65.46178571428571,5.585883010563226,26.35,76.95,3478.565476190476,2102.168616902743,6.734166666666666,31.22,0.962673319327731,0.3875,4,48,42,56,28,0.08533044049460171,50.6,0.023809523809523808,0.25,2021,8,3,34,-0.8229838658936564,-0.5680647467311559,-0.8660254037844385,-0.5000000000000004,4.0,1.0,1.0,1.0,2.0,2.0,2.5,2.1213203435596424,4.0,1.75,1.4999999999999998,4.0,1.625,1.0606601717798205,4.0,1.8333333333333333,1.1146408580454248,4.0,-3.0,0.0
2021-08-30,3,65.09684523809524,6.455935591309664,29.17,72.22,3478.565476190476,2102.168616902743,6.113511904761904,33.81,0.9573065476190475,0.42897058823529416,7,48,42,56,28,0.09917432354358693,43.05,0.041666666666666664,0.25,2021,8,3,35,-0.8854560256532096,-0.4647231720437691,-0.8660254037844385,-0.5000000000000004,1.0,4.0,1.0,1.0,2.0,4.0,2.0,1.4142135623730951,3.0,2.25,1.4999999999999998,4.0,1.75,1.1649647450214342,4.0,1.75,0.965307299163422,4.0,2.0,2.0
2021-09-06,1,65.11529761904762,7.839433479286748,25.54,73.04,3478.565476190476,2102.168616902743,6.52732142857143,32.43000000000001,0.957577906162465,0.3755882352941176,9,48,42,56,28,0.1203931144590752,47.50000000000001,0.05357142857142857,0.25,2021,9,3,36,-0.9350162426854147,-0.3546048870425359,-1.0,-1.8369701987210297e-16,3.0,1.0,4.0,1.0,1.0,1.0,2.0,1.4142135623730951,3.0,2.25,1.4999999999999998,4.0,1.75,1.1649647450214342,4.0,1.75,0.965307299163422,4.0,-2.0,0.0
2021-09-13,3,65.29505952380953,7.779145774342552,25.08,74.92,3478.565476190476,2102.168616902743,6.717678571428571,37.92,0.9602214635854341,0.36882352941176466,10,48,42,56,28,0.11913835183052285,49.84,0.05952380952380952,0.25,2021,9,3,37,-0.970941817426052,-0.23931566428755774,-1.0,-1.8369701987210297e-16,1.0,3.0,1.0,4.0,2.0,2.0,2.0,1.4142135623730951,3.0,2.0,1.1547005383792512,3.0,1.875,1.2464234547582242,4.0,1.8333333333333333,1.0298573010888736,4.0,2.0,-1.0
2021-09-20,0,64.93190476190476,7.292567371312168,19.66,71.28,3478.565476190476,2102.168616902743,6.469166666666666,32.349999999999994,0.9548809523809525,0.28911764705882353,6,48,42,56,28,0.11231100332036897,51.620000000000005,0.03571428571428571,0.25,2021,9,3,38,-0.992708874098054,-0.12053668025532357,-1.0,-1.8369701987210297e-16,3.0,1.0,3.0,1.0,1.0,2.0,1.5,2.1213203435596424,3.0,1.75,1.4999999999999998,3.0,1.75,1.3887301496588265,4.0,1.6666666666666667,1.1547005383792508,4.0,-3.0,-1.0
2021-09-27,1,65.6185119047619,6.253611520853352,28.67,74.24,3478.565476190476,2102.168616902743,6.652440476190476,32.47,0.9649781162464987,0.42161764705882354,5,48,42,56,28,0.09530255013904895,45.56999999999999,0.02976190476190476,0.25,2021,9,3,39,-1.0,-1.8369701987210297e-16,-1.0,-1.8369701987210297e-16,0.0,3.0,1.0,3.0,1.0,2.0,0.5,0.7071067811865476,1.0,1.25,1.2583057392117916,3.0,1.75,1.3887301496588265,4.0,1.5833333333333333,1.1645001528813144,4.0,1.0,-2.0
2021-10-04,0,62.17327380952381,12.331206627198462,5.11,73.6,3478.565476190476,2102.168616902743,8.091964285714287,55.89,0.9143128501400559,0.07514705882352941,13,48,42,56,28,0.19833613177547593,68.49,0.07738095238095238,0.25,2021,10,4,40,-0.992708874098054,0.1205366802553232,-0.8660254037844386,0.5000000000000001,1.0,0.0,3.0,1.0,1.0,1.0,0.5,0.7071067811865476,1.0,1.0,1.414213562373095,3.0,1.625,1.5059406173077148,4.0,1.5,1.2431631210161214,4.0,-1.0,-1.0
2021-10-11,2,66.33988095238095,3.96248001760696,45.06,72.79,3478.565476190476,2102.168616902743,7.169166666666667,34.81,0.9755864845938376,0.6626470588235295,1,48,42,56,28,0.059729983845633446,27.730000000000004,0.005952380952380952,0.25,2021,10,4,41,-0.9709418174260521,0.23931566428755738,-0.8660254037844386,0.5000000000000001,0.0,1.0,0.0,3.0,4.0,2.0,1.0,1.4142135623730951,2.0,0.75,0.957427107756338,2.0,1.375,1.18773493916542,3.0,1.5,1.2431631210161214,4.0,2.0,-1.0
2021-10-18,1,66.53678571428571,5.415524957433502,25.45,74.5,3478.565476190476,2102.168616902743,7.7872619047619045,35.239999999999995,0.9784821428571429,0.37426470588235294,3,48,42,56,28,0.08139144233218899,49.05,0.017857142857142856,0.25,2021,10,4,42,-0.9350162426854148,0.35460488704253557,-0.8660254037844386,0.5000000000000001,2.0,0.0,1.0,0.0,1.0,1.0,1.5,0.7071067811865476,2.0,1.0,0.8164965809277259,2.0,1.375,1.18773493916542,3.0,1.5,1.2431631210161214,4.0,-1.0,1.0
2021-10-25,1,66.12642857142858,7.3111258244688075,31.76,75.92,3478.565476190476,2102.168616902743,7.141666666666667,32.95,0.9724474789915967,0.4670588235294118,8,48,42,56,28,0.1105628412484346,44.16,0.047619047619047616,0.25,2021,10,4,43,-0.8854560256532101,0.464723172043768,-0.8660254037844386,0.5000000000000001,1.0,2.0,0.0,1.0,3.0,1.0,1.0,0.0,1.0,1.0,0.8164965809277259,2.0,1.125,0.9910312089651141,3.0,1.5,1.2431631210161214,4.0,0.0,0.0
2021-11-01,2,65.07440476190476,7.910904223386474,24.13,74.33,3478.565476190476,2102.168616902743,6.519404761904762,31.319999999999993,0.9569765406162466,0.3548529411764706,9,48,42,56,28,0.12156706238544959,50.2,0.05357142857142857,0.25,2021,11,4,44,-0.822983865893657,0.5680647467311548,-0.5000000000000004,0.8660254037844384,1.0,1.0,2.0,0.0,1.0,1.0,1.5,0.7071067811865476,2.0,1.5,0.5773502691896255,2.0,1.25,1.0350983390135307,3.0,1.5833333333333333,1.240112409372145,4.0,1.0,2.0
2021-11-08,0,65.4589880952381,7.162634299448898,30.1,76.18,3478.565476190476,2102.168616902743,6.926488095238096,32.31,0.9626321778711484,0.44264705882352945,6,48,42,56,28,0.10942170827675769,46.080000000000005,0.03571428571428571,0.25,2021,11,4,45,-0.7485107481711011,0.6631226582407952,-0.5000000000000004,0.8660254037844384,2.0,1.0,1.0,2.0,3.0,4.0,1.0,1.4142135623730951,2.0,1.0,0.8164965809277259,2.0,0.875,0.8345229603962792,2.0,1.25,1.055289706022172,3.0,-2.0,-2.0
2021-11-15,0,66.20625,6.661858697270243,32.04,72.21,3478.565476190476,2102.168616902743,7.482916666666667,32.45,0.9736213235294118,0.4711764705882353,6,48,42,56,28,0.10062280671794949,40.169999999999995,0.03571428571428571,0.25,2021,11,4,46,-0.6631226582407955,0.7485107481711007,-0.5000000000000004,0.8660254037844384,0.0,2.0,1.0,1.0,0.0,1.0,0.0,0.0,0.0,0.75,0.957427107756338,2.0,0.875,0.8345229603962792,2.0,1.1666666666666667,1.1146408580454248,3.0,0.0,-1.0
2021-11-22,1,64.31910714285715,9.012536300913188,23.14,78.4,3478.565476190476,2102.168616902743,6.727440476190476,33.790000000000006,0.9458692226890756,0.34029411764705886,11,48,42,56,28,0.14012222341482022,55.260000000000005,0.06547619047619048,0.25,2021,11,4,47,-0.5680647467311559,0.8229838658936564,-0.5000000000000004,0.8660254037844384,0.0,0.0,2.0,1.0,1.0,3.0,0.5,0.7071067811865476,1.0,0.75,0.957427107756338,2.0,0.875,0.8345229603962792,2.0,1.0,0.9534625892455915,3.0,1.0,0.0
2021-11-29,1,67.87005952380953,4.737488596295353,36.72,75.87,3478.565476190476,2102.168616902743,8.718630952380952,36.67,0.9980891106442578,0.54,3,48,42,56,28,0.06980233448349035,39.150000000000006,0.017857142857142856,0.25,2021,11,4,48,-0.4647231720437684,0.88545602565321,-0.5000000000000004,0.8660254037844384,1.0,0.0,0.0,2.0,0.0,1.0,1.0,0.0,1.0,0.5,0.5773502691896255,1.0,1.0,0.7559289460184533,2.0,1.0,0.9534625892455915,3.0,0.0,-1.0
2021-12-06,0,65.23191616766466,7.458094247202746,30.82,75.96,3496.1437125748503,2096.0701993080047,6.398263473053892,34.040000000000006,0.9592928848185982,0.45323529411764707,10,48,42,55,28,0.11433198172553008,45.13999999999999,0.05952380952380952,0.25,2021,12,4,49,-0.35460488704253595,0.9350162426854147,-2.4492935982947064e-16,1.0,1.0,1.0,0.0,0.0,2.0,3.0,0.5,0.7071067811865476,1.0,0.5,0.5773502691896255,1.0,0.75,0.7071067811865464,2.0,0.75,0.753778361444408,2.0,-1.0,0.0
2021-12-13,1,65.22339285714285,8.329659641123074,17.41,73.92,3478.565476190476,2102.168616902743,7.898630952380953,45.59,0.9591675420168067,0.2560294117647059,8,48,42,56,28,0.12770969549786096,56.510000000000005,0.047619047619047616,0.25,2021,12,4,50,-0.2393156642875578,0.970941817426052,-2.4492935982947064e-16,1.0,0.0,1.0,1.0,0.0,1.0,0.0,0.5,0.7071067811865476,1.0,0.75,0.49999999999999967,1.0,0.75,0.7071067811865464,2.0,0.8333333333333334,0.7177405625652723,2.0,1.0,1.0
2021-12-20,2,64.15511904761904,9.77441411253011,10.93,74.68,3478.565476190476,2102.168616902743,6.641547619047619,50.07,0.9434576330532213,0.16073529411764706,12,48,42,56,28,0.15235595004157138,63.75000000000001,0.07142857142857142,0.25,2021,12,4,51,-0.12053668025532363,0.992708874098054,-2.4492935982947064e-16,1.0,1.0,0.0,1.0,1.0,1.0,1.0,1.5,0.7071067811865476,2.0,1.0,0.8164965809277259,2.0,0.875,0.8345229603962792,2.0,0.9166666666666666,0.7929614610987581,2.0,1.0,1.0
2021-12-27,0,68.05090361445784,6.810828172157446,18.64,76.02,3511.144578313253,2093.4016634236664,9.390060240963855,41.36,1.0007485825655564,0.2741176470588235,4,47,42,54,28,0.1000843164514636,57.379999999999995,0.023809523809523808,0.25,2021,12,4,52,6.432490598706546e-16,1.0,-2.4492935982947064e-16,1.0,2.0,1.0,0.0,1.0,2.0,0.0,1.0,1.4142135623730951,2.0,0.75,0.957427107756338,2.0,0.625,0.7440238091428438,2.0,0.9166666666666666,0.7929614610987581,2.0,-2.0,-1.0
2022-01-03,1,67.72303571428571,3.5508913882870976,50.52,76.24,3512.2440476190477,2115.917268276788,8.60220238095238,37.040000000000006,0.9959269957983193,0.7429411764705883,0,48,42,56,28,0.05243254899658996,25.71999999999999,0.0,0.25,2022,1,1,1,0.12053668025532305,0.992708874098054,0.49999999999999994,0.8660254037844387,0.0,2.0,1.0,0.0,0.0,2.0,0.5,0.7071067811865476,1.0,1.0,0.8164965809277259,2.0,0.75,0.7071067811865464,2.0,0.8333333333333334,0.7177405625652723,2.0,1.0,1.0
2022-01-10,0,67.40892857142858,3.4001849255300125,46.27,72.9,3564.2619047619046,2153.6838159069093,8.250238095238094,35.870000000000005,0.9913077731092437,0.6804411764705883,1,48,42,56,28,0.050441165548671674,26.630000000000003,0.005952380952380952,0.25,2022,1,1,2,0.23931566428755774,0.970941817426052,0.49999999999999994,0.8660254037844387,1.0,0.0,2.0,1.0,0.0,1.0,0.5,0.7071067811865476,1.0,0.75,0.957427107756338,2.0,0.75,0.7071067811865464,2.0,0.75,0.753778361444408,2.0,-1.0,-1.0
2022-01-17,1,66.53059523809523,5.060915599912558,41.11,73.0,3564.2619047619046,2153.6838159069093,8.31345238095238,33.67,0.9783911064425771,0.6045588235294117,5,48,42,56,28,0.07606899625354159,31.89,0.02976190476190476,0.25,2022,1,1,3,0.3546048870425356,0.9350162426854148,0.49999999999999994,0.8660254037844387,0.0,1.0,0.0,2.0,1.0,1.0,0.5,0.7071067811865476,1.0,0.5,0.5773502691896255,1.0,0.75,0.7071067811865464,2.0,0.75,0.753778361444408,2.0,1.0,-1.0
2022-01-24,0,67.44482142857143,3.87301720153299,37.38,74.7,3564.2619047619046,2153.6838159069093,8.13529761904762,32.010000000000005,0.9918356092436975,0.5497058823529413,1,48,42,56,28,0.057424975253804675,37.32,0.005952380952380952,0.25,2022,1,1,4,0.4647231720437685,0.8854560256532099,0.49999999999999994,0.8660254037844387,1.0,0.0,1.0,0.0,1.0,2.0,0.5,0.7071067811865476,1.0,0.5,0.5773502691896255,1.0,0.625,0.7440238091428438,2.0,0.5833333333333334,0.6685579234215202,2.0,-1.0,0.0
2022-01-31,1,67.12666666666667,5.44976093159845,32.22,73.66,3564.2619047619046,2153.6838159069093,8.04857142857143,31.520000000000003,0.9871568627450981,0.4738235294117647,4,48,42,56,28,0.08118622899391872,41.44,0.023809523809523808,0.25,2022,1,1,5,0.5680647467311558,0.8229838658936564,0.49999999999999994,0.8660254037844387,0.0,1.0,0.0,1.0,0.0,0.0,0.5,0.7071067811865476,1.0,0.5,0.5773502691896255,1.0,0.75,0.7071067811865464,2.0,0.6666666666666666,0.6513389472789284,2.0,1.0,0.0
2022-02-07,0,64.56494047619047,8.093078213294097,11.67,72.77,3564.2619047619046,2153.6838159069093,6.9505357142857145,48.04,0.9494844187675069,0.17161764705882354,6,48,42,56,28,0.12534787693761712,61.099999999999994,0.03571428571428571,0.25,2022,2,1,6,0.6631226582407952,0.7485107481711011,0.8660254037844386,0.5000000000000001,1.0,0.0,1.0,0.0,1.0,0.0,0.5,0.7071067811865476,1.0,0.5,0.5773502691896255,1.0,0.625,0.7440238091428438,2.0,0.6666666666666666,0.6513389472789284,2.0,-1.0,0.0
2022-02-14,2,66.21285714285715,7.768303951241276,14.78,72.5,3564.2619047619046,2153.6838159069093,7.752142857142856,33.120000000000005,0.973718487394958,0.21735294117647058,7,48,42,56,28,0.1173231950175601,57.72,0.041666666666666664,0.25,2022,2,1,7,0.7485107481711011,0.6631226582407953,0.8660254037844386,0.5000000000000001,0.0,1.0,0.0,1.0,2.0,1.0,1.0,1.4142135623730951,2.0,0.75,0.9574271077563379,2.0,0.625,0.7440238091428438,2.0,0.75,0.753778361444408,2.0,2.0,1.0
2022-02-21,0,66.9407142857143,4.186003992695252,39.97,72.11,3564.2619047619046,2153.6838159069093,7.709166666666667,32.94,0.984422268907563,0.5877941176470588,2,48,42,56,28,0.06253300457519288,32.14,0.011904761904761904,0.25,2022,2,1,8,0.8229838658936564,0.5680647467311559,0.8660254037844386,0.5000000000000001,2.0,0.0,1.0,0.0,0.0,1.0,1.0,1.4142135623730951,2.0,0.75,0.9574271077563379,2.0,0.625,0.7440238091428438,2.0,0.6666666666666666,0.778498944161522,2.0,-2.0,0.0
2022-02-28,2,64.36821428571429,8.054827118312504,17.2,71.97,3564.2619047619046,2153.6838159069093,6.302380952380952,32.95,0.9465913865546218,0.2529411764705882,5,48,42,56,28,0.1251367186070932,54.769999999999996,0.02976190476190476,0.25,2022,2,1,9,0.8854560256532099,0.4647231720437686,0.8660254037844386,0.5000000000000001,0.0,2.0,0.0,1.0,1.0,0.0,1.0,1.4142135623730951,2.0,1.0,1.1547005383792512,2.0,0.75,0.8864052604279173,2.0,0.8333333333333334,0.834847109936721,2.0,2.0,1.0
2022-03-07,0,66.48392857142856,6.333062378082798,30.55,73.36,3564.2619047619046,2153.6838159069093,7.274880952380952,32.629999999999995,0.9777048319327731,0.44926470588235295,6,48,42,56,28,0.09525704202751382,42.81,0.03571428571428571,0.25,2022,3,1,10,0.9350162426854148,0.35460488704253557,1.0,6.123233995736766e-17,2.0,0.0,2.0,0.0,0.0,1.0,1.0,1.4142135623730951,2.0,1.0,1.1547005383792512,2.0,0.75,0.8864052604279173,2.0,0.75,0.8660254037844377,2.0,-2.0,0.0
2022-03-14,0,65.0097005988024,8.492749311835032,27.08,72.27,3581.874251497006,2147.9919038562075,7.255928143712575,32.620000000000005,0.9560250088059176,0.398235294117647,12,47,42,55,28,0.1306381852801747,45.19,0.07142857142857142,0.25,2022,3,1,11,0.970941817426052,0.23931566428755804,1.0,6.123233995736766e-17,0.0,2.0,0.0,2.0,1.0,2.0,0.0,0.0,0.0,0.5,0.9999999999999998,2.0,0.625,0.9161253813129033,2.0,0.5833333333333334,0.7929614610987581,2.0,0.0,-2.0
2022-03-21,1,67.44970238095237,3.3839732211103377,47.24,74.12,3564.2619047619046,2153.6838159069093,8.242916666666668,36.540000000000006,0.9919073879551822,0.6947058823529412,1,48,42,56,28,0.050170321019325406,26.880000000000003,0.005952380952380952,0.25,2022,3,1,12,0.992708874098054,0.120536680255323,1.0,6.123233995736766e-17,0.0,0.0,2.0,0.0,0.0,0.0,0.5,0.7071067811865476,1.0,0.75,0.9574271077563379,2.0,0.75,0.8864052604279173,2.0,0.6666666666666666,0.778498944161522,2.0,1.0,1.0
2022-03-28,0,66.08559523809524,6.994258269850093,17.33,72.64,3564.2619047619046,2153.6838159069093,7.586190476190477,39.67,0.9718469887955182,0.25485294117647056,4,48,42,56,28,0.10583635124494167,55.31,0.023809523809523808,0.25,2022,3,1,13,1.0,-1.6081226496766366e-16,1.0,6.123233995736766e-17,1.0,0.0,0.0,2.0,1.0,1.0,0.5,0.7071067811865476,1.0,0.25,0.4999999999999995,1.0,0.625,0.9161253813129033,2.0,0.5833333333333334,0.7929614610987581,2.0,-1.0,-2.0
2022-04-04,1,66.82815476190476,5.357376205591748,27.28,71.48,3564.2619047619046,2153.6838159069093,7.79172619047619,33.22,0.982766981792717,0.4011764705882353,4,48,42,56,28,0.08016645416410194,44.2,0.023809523809523808,0.25,2022,4,2,14,0.992708874098054,-0.12053668025532288,0.8660254037844387,-0.4999999999999998,0.0,1.0,0.0,0.0,0.0,0.0,0.5,0.7071067811865476,1.0,0.5,0.5773502691896254,1.0,0.75,0.8864052604279173,2.0,0.6666666666666666,0.778498944161522,2.0,1.0,1.0
2022-04-11,0,67.40619047619047,3.6337069390899166,46.58,72.87,3564.2619047619046,2153.6838159069093,8.149642857142858,31.769999999999996,0.9912675070028011,0.6849999999999999,1,48,42,56,28,0.05390761461847382,26.290000000000006,0.005952380952380952,0.25,2022,4,2,15,0.9709418174260521,-0.2393156642875575,0.8660254037844387,-0.4999999999999998,1.0,0.0,1.0,0.0,2.0,1.0,0.5,0.7071067811865476,1.0,0.5,0.5773502691896253,1.0,0.5,0.7559289460184533,2.0,0.5833333333333334,0.7929614610987581,2.0,-1.0,0.0
2022-04-18,1,66.71464285714285,5.5477553202391725,25.51,72.56,3564.2619047619046,2153.6838159069093,7.553928571428571,32.900000000000006,0.9810976890756302,0.37514705882352944,3,48,42,56,28,0.083156486831814,47.05,0.017857142857142856,0.25,2022,4,2,16,0.9350162426854148,-0.35460488704253545,0.8660254037844387,-0.4999999999999998,0.0,1.0,0.0,1.0,0.0,0.0,0.5,0.7071067811865476,1.0,0.5,0.5773502691896253,1.0,0.625,0.7440238091428438,2.0,0.6666666666666666,0.778498944161522,2.0,1.0,0.0
2022-04-25,1,66.06982142857143,6.69969804245959,33.35,74.29,3564.2619047619046,2153.6838159069093,7.248749999999999,33.7,0.9716150210084032,0.49044117647058827,7,48,42,56,28,0.10140330180402686,40.940000000000005,0.041666666666666664,0.25,2022,4,2,17,0.8854560256532099,-0.4647231720437685,0.8660254037844387,-0.4999999999999998,1.0,0.0,1.0,0.0,2.0,1.0,1.0,0.0,1.0,0.75,0.4999999999999995,1.0,0.5,0.5345224838248471,1.0,0.6666666666666666,0.778498944161522,2.0,0.0,1.0
2022-05-02,2,66.15726190476191,7.834541490229848,26.94,72.74,3564.2619047619046,2153.6838159069093,8.096785714285714,38.06,0.9729009103641456,0.3961764705882353,11,48,42,56,28,0.11842300096258862,45.8,0.06547619047619048,0.25,2022,5,2,18,0.8229838658936565,-0.5680647467311557,0.49999999999999994,-0.8660254037844387,1.0,1.0,0.0,1.0,0.0,0.0,1.5,0.7071067811865476,2.0,1.0,0.8164965809277257,2.0,0.75,0.7071067811865462,2.0,0.8333333333333334,0.834847109936721,2.0,1.0,1.0
2022-05-09,0,66.625,7.229021434343904,25.78,74.2,3564.2619047619046,2153.6838159069093,7.743095238095238,33.55,0.9797794117647058,0.37911764705882356,6,48,42,56,28,0.10850313597514302,48.42,0.03571428571428571,0.25,2022,5,2,19,0.7485107481711013,-0.663122658240795,0.49999999999999994,-0.8660254037844387,2.0,1.0,1.0,0.0,0.0,2.0,1.0,1.4142135623730951,2.0,1.0,0.8164965809277257,2.0,0.75,0.7071067811865462,2.0,0.6666666666666666,0.778498944161522,2.0,-2.0,0.0
2022-05-16,1,66.79946428571428,8.0156430337326,26.38,74.03,3564.2619047619046,2153.6838159069093,8.213511904761905,34.099999999999994,0.9823450630252101,0.38794117647058823,10,48,42,56,28,0.11999561851945606,47.650000000000006,0.05952380952380952,0.25,2022,5,2,20,0.6631226582407952,-0.7485107481711012,0.49999999999999994,-0.8660254037844387,0.0,2.0,1.0,1.0,1.0,0.0,0.5,0.7071067811865476,1.0,1.0,0.8164965809277257,2.0,0.75,0.7071067811865462,2.0,0.75,0.753778361444408,2.0,1.0,0.0
2022-05-23,0,66.8147619047619,6.529493653272119,32.64,74.14,3564.2619047619046,2153.6838159069093,8.4675,33.94,0.9825700280112044,0.48,5,48,42,56,28,0.09772531499220626,41.5,0.02976190476190476,0.25,2022,5,2,21,0.5680647467311558,-0.8229838658936564,0.49999999999999994,-0.8660254037844387,1.0,0.0,2.0,1.0,0.0,2.0,0.5,0.7071067811865476,1.0,0.75,0.9574271077563379,2.0,0.75,0.7071067811865462,2.0,0.5833333333333334,0.6685579234215203,2.0,-1.0,-1.0
2022-05-30,1,68.27738095238095,5.386165160431256,29.54,74.29,3564.2619047619046,2153.6838159069093,9.381785714285716,34.77,1.0040791316526612,0.43441176470588233,2,48,42,56,28,0.07888652267121607,44.75000000000001,0.011904761904761904,0.25,2022,5,2,22,0.46472317204376906,-0.8854560256532096,0.49999999999999994,-0.8660254037844387,0.0,1.0,0.0,2.0,1.0,0.0,0.5,0.7071067811865476,1.0,0.5,0.5773502691896254,1.0,0.75,0.7071067811865462,2.0,0.6666666666666666,0.6513389472789284,2.0,1.0,-1.0
2022-06-06,0,66.75970238095238,9.071974771690993,10.97,74.47,3564.2619047619046,2153.6838159069093,9.04875,34.58,0.9817603291316527,0.16132352941176473,7,48,42,56,28,0.1358899822519187,63.5,0.041666666666666664,0.25,2022,6,2,23,0.35460488704253584,-0.9350162426854147,1.2246467991473532e-16,-1.0,1.0,0.0,1.0,0.0,0.0,0.0,0.5,0.7071067811865476,1.0,0.5,0.5773502691896253,1.0,0.75,0.7071067811865462,2.0,0.6666666666666666,0.6513389472789284,2.0,-1.0,0.0
2022-06-13,2,68.31285714285714,3.9178741551557317,37.35,73.2,3564.2619047619046,2153.6838159069093,9.099166666666665,31.319999999999993,1.0046008403361344,0.549264705882353,1,48,42,56,28,0.05735192932953454,35.85,0.005952380952380952,0.25,2022,6,2,24,0.23931566428755768,-0.970941817426052,1.2246467991473532e-16,-1.0,0.0,1.0,0.0,1.0,1.0,1.0,1.0,1.4142135623730951,2.0,0.75,0.9574271077563378,2.0,0.875,0.8345229603962792,2.0,0.75,0.753778361444408,2.0,2.0,1.0
2022-06-20,1,68.2077380952381,4.03423028777827,33.46,73.64,3564.2619047619046,2153.6838159069093,9.034166666666668,32.34,1.0030549719887953,0.49205882352941177,1,48,42,56,28,0.059146225933270145,40.18,0.005952380952380952,0.25,2022,6,2,25,0.12053668025532308,-0.992708874098054,1.2246467991473532e-16,-1.0,2.0,0.0,1.0,0.0,1.0,0.0,1.5,0.7071067811865476,2.0,1.0,0.8164965809277257,2.0,0.875,0.8345229603962792,2.0,0.8333333333333334,0.7177405625652722,2.0,-1.0,1.0
2022-06-27,2,68.08732142857143,3.5899786454111586,39.37,74.13,3564.2619047619046,2153.6838159069093,8.81125,33.86,1.0012841386554623,0.5789705882352941,1,48,42,56,28,0.052726095990974005,34.76,0.005952380952380952,0.25,2022,6,2,26,-3.216245299353273e-16,-1.0,1.2246467991473532e-16,-1.0,1.0,2.0,0.0,1.0,2.0,1.0,1.5,0.7071067811865476,2.0,1.25,0.9574271077563378,2.0,0.875,0.8345229603962792,2.0,0.9166666666666666,0.792961461098758,2.0,1.0,1.0
2022-07-04,3,68.32422619047618,5.122937557494981,31.91,74.16,3564.2619047619046,2153.6838159069093,9.065654761904762,33.010000000000005,1.0047680322128851,0.4692647058823529,3,48,42,56,28,0.07497981086844822,42.25,0.017857142857142856,0.25,2022,7,3,27,-0.12053668025532283,-0.992708874098054,-0.4999999999999997,-0.8660254037844388,2.0,1.0,2.0,0.0,0.0,0.0,2.5,0.7071067811865476,3.0,2.0,0.8164965809277256,3.0,1.25,1.0350983390135304,3.0,1.1666666666666667,0.9374368665610912,3.0,1.0,3.0
2022-07-11,1,68.36208333333333,3.037783988679293,49.19,75.25,3564.2619047619046,2153.6838159069093,9.052559523809524,34.89,1.0053247549019608,0.7233823529411765,0,48,42,56,28,0.04443667952404356,26.060000000000002,0.0,0.25,2022,7,3,28,-0.23931566428755743,-0.9709418174260521,-0.4999999999999997,-0.8660254037844388,3.0,2.0,1.0,2.0,1.0,1.0,2.0,1.4142135623730951,3.0,1.75,0.9574271077563378,3.0,1.25,1.0350983390135304,3.0,1.1666666666666667,0.9374368665610912,3.0,-2.0,-1.0
2022-07-18,4,68.2520238095238,3.6683732561906948,38.72,72.84,3564.2619047619046,2153.6838159069093,9.021309523809524,33.879999999999995,1.0037062324929973,0.5694117647058823,1,48,42,56,28,0.053747464931271596,34.120000000000005,0.005952380952380952,0.25,2022,7,3,29,-0.3546048870425356,-0.9350162426854148,-0.4999999999999997,-0.8660254037844388,1.0,3.0,2.0,1.0,0.0,1.0,2.5,2.1213203435596424,4.0,2.5,1.2909944487358054,4.0,1.75,1.2817398889233107,4.0,1.4166666666666667,1.2401124093721447,4.0,3.0,3.0
2022-07-25,1,68.18583333333333,6.0653164774854,13.65,73.01,3564.2619047619046,2153.6838159069093,9.457619047619048,43.35,1.0027328431372549,0.20073529411764707,2,48,42,56,28,0.08895273667529276,59.36000000000001,0.011904761904761904,0.25,2022,7,3,30,-0.46472317204376806,-0.8854560256532101,-0.4999999999999997,-0.8660254037844388,4.0,1.0,3.0,2.0,1.0,2.0,2.5,2.1213203435596424,4.0,2.25,1.4999999999999998,4.0,1.75,1.2817398889233107,4.0,1.3333333333333333,1.2309149097933265,4.0,-3.0,-1.0
2022-08-01,1,67.68315476190476,3.7423656644326564,49.61,72.75,3564.2619047619046,2153.6838159069093,8.792797619047619,33.230000000000004,0.9953405112044817,0.7295588235294117,0,48,42,56,28,0.055292423611126275,23.14,0.0,0.25,2022,8,3,31,-0.5680647467311556,-0.8229838658936566,-0.8660254037844385,-0.5000000000000004,1.0,4.0,1.0,3.0,0.0,0.0,1.0,0.0,1.0,1.75,1.4999999999999998,4.0,1.875,1.1259916264596024,4.0,1.4166666666666667,1.164500152881314,4.0,0.0,-2.0
2022-08-08,1,67.78285714285714,6.735142632407339,25.11,75.25,3564.2619047619046,2153.6838159069093,8.859285714285713,33.06,0.9968067226890757,0.36926470588235294,5,48,42,56,28,0.09936351042583749,50.14,0.02976190476190476,0.25,2022,8,3,32,-0.663122658240795,-0.7485107481711013,-0.8660254037844385,-0.5000000000000004,1.0,1.0,4.0,1.0,2.0,1.0,1.0,0.0,1.0,1.75,1.4999999999999998,4.0,1.75,1.1649647450214342,4.0,1.4166666666666667,1.164500152881314,4.0,0.0,0.0
2022-08-15,0,66.63160714285715,6.450065712923126,33.34,73.56,3564.2619047619046,2153.6838159069093,8.263988095238094,33.27,0.9798765756302521,0.4902941176470589,7,48,42,56,28,0.09680189311799554,40.22,0.041666666666666664,0.25,2022,8,3,33,-0.7485107481711011,-0.6631226582407952,-0.8660254037844385,-0.5000000000000004,1.0,1.0,1.0,4.0,1.0,0.0,0.5,0.7071067811865476,1.0,0.75,0.4999999999999994,1.0,1.625,1.3024701806293184,4.0,1.4166666666666667,1.164500152881314,4.0,-1.0,-4.0
2022-08-22,0,67.14511904761905,6.215165438093228,30.3,74.23,3564.2619047619046,2153.6838159069093,8.217380952380953,29.189999999999998,0.9874282212885154,0.4455882352941177,5,48,42,56,28,0.09256317549583103,43.93000000000001,0.02976190476190476,0.25,2022,8,3,34,-0.8229838658936564,-0.5680647467311559,-0.8660254037844385,-0.5000000000000004,0.0,1.0,1.0,1.0,2.0,1.0,0.0,0.0,0.0,0.5,0.5773502691896253,1.0,1.375,1.407885953173358,4.0,1.3333333333333333,1.2309149097933265,4.0,0.0,-1.0
2022-08-29,1,67.4589880952381,6.269073950072224,33.64,73.63,3564.2619047619046,2153.6838159069093,8.223154761904762,34.989999999999995,0.9920439425770308,0.49470588235294116,7,48,42,56,28,0.09293163338325787,39.989999999999995,0.041666666666666664,0.25,2022,8,3,35,-0.8854560256532096,-0.4647231720437691,-0.8660254037844385,-0.5000000000000004,0.0,0.0,1.0,1.0,3.0,0.0,0.5,0.7071067811865476,1.0,0.5,0.5773502691896253,1.0,1.125,1.246423454758224,4.0,1.4166666666666667,1.164500152881314,4.0,1.0,0.0
2022-09-05,1,67.44119047619049,6.947493048008352,23.95,73.49,3564.2619047619046,2153.6838159069093,8.583214285714286,32.61,0.9917822128851541,0.35220588235294115,4,48,42,56,28,0.10301557548070125,49.53999999999999,0.023809523809523808,0.25,2022,9,3,36,-0.9350162426854147,-0.3546048870425359,-1.0,-1.8369701987210297e-16,1.0,0.0,0.0,1.0,1.0,2.0,1.0,0.0,1.0,0.5,0.5773502691896253,1.0,1.125,1.246423454758224,4.0,1.3333333333333333,1.1547005383792506,4.0,0.0,0.0
2022-09-12,0,66.40708333333333,8.626247326568011,16.71,73.44,3564.2619047619046,2153.6838159069093,7.871845238095238,33.69,0.9765747549019608,0.24573529411764708,9,48,42,56,28,0.1298995061003986,56.73,0.05357142857142857,0.25,2022,9,3,37,-0.970941817426052,-0.23931566428755774,-1.0,-1.8369701987210297e-16,1.0,1.0,0.0,0.0,4.0,1.0,0.5,0.7071067811865476,1.0,0.5,0.5773502691896253,1.0,0.625,0.5175491695067638,1.0,1.25,1.2154310870109934,4.0,-1.0,0.0
2022-09-19,1,66.94184523809524,8.06605110367167,24.2,73.95,3564.2619047619046,2153.6838159069093,7.863035714285714,33.67,0.984438900560224,0.3558823529411765,8,48,42,56,28,0.12049340849483255,49.75,0.047619047619047616,0.25,2022,9,3,38,-0.992708874098054,-0.12053668025532357,-1.0,-1.8369701987210297e-16,0.0,1.0,1.0,0.0,1.0,2.0,0.5,0.7071067811865476,1.0,0.75,0.49999999999999944,1.0,0.625,0.5175491695067638,1.0,1.1666666666666667,1.1934162828797092,4.0,1.0,1.0
2022-09-26,2,66.56041666666667,7.476213085566679,29.13,73.49,3564.2619047619046,2153.6838159069093,7.886130952380953,32.19,0.978829656862745,0.42838235294117644,8,48,42,56,28,0.1123222098053775,44.36,0.047619047619047616,0.25,2022,9,3,39,-1.0,-1.8369701987210297e-16,-1.0,-1.8369701987210297e-16,1.0,0.0,1.0,1.0,1.0,3.0,1.5,0.7071067811865476,2.0,1.0,0.8164965809277257,2.0,0.75,0.707106781186546,2.0,1.0833333333333333,1.0836246694508307,4.0,1.0,1.0
2022-10-03,0,65.8710119047619,9.330767509868128,18.48,73.18,3564.2619047619046,2153.6838159069093,7.904583333333333,43.519999999999996,0.9686913515406163,0.27176470588235296,11,48,42,56,28,0.14165210522891017,54.7,0.06547619047619048,0.25,2022,10,4,40,-0.992708874098054,0.1205366802553232,-0.8660254037844386,0.5000000000000001,2.0,1.0,0.0,1.0,1.0,1.0,1.0,1.4142135623730951,2.0,0.75,0.9574271077563378,2.0,0.625,0.7440238091428436,2.0,1.0,1.1281521496355316,4.0,-2.0,-1.0
2022-10-10,0,67.08267857142857,8.576233870007917,15.0,73.9,3564.2619047619046,2153.6838159069093,8.409345238095238,34.099999999999994,0.9865099789915965,0.22058823529411764,7,48,42,56,28,0.12784572787856224,58.900000000000006,0.041666666666666664,0.25,2022,10,4,41,-0.9709418174260521,0.23931566428755738,-0.8660254037844386,0.5000000000000001,0.0,2.0,1.0,0.0,0.0,4.0,0.0,0.0,0.0,0.75,0.9574271077563378,2.0,0.625,0.7440238091428436,2.0,0.6666666666666666,0.6513389472789283,2.0,0.0,0.0
2022-10-17,0,68.07541666666667,3.7758505968246308,47.31,73.91,3564.2619047619046,2153.6838159069093,8.997440476190476,35.230000000000004,1.001109068627451,0.6957352941176471,1,48,42,56,28,0.055465699392090353,26.599999999999994,0.005952380952380952,0.25,2022,10,4,42,-0.9350162426854148,0.35460488704253557,-0.8660254037844386,0.5000000000000001,0.0,0.0,2.0,1.0,0.0,1.0,0.0,0.0,0.0,0.5,0.9999999999999997,2.0,0.625,0.7440238091428436,2.0,0.5833333333333334,0.6685579234215202,2.0,0.0,-1.0
2022-10-24,1,66.97577380952382,8.370894077761724,18.94,74.25,3564.2619047619046,2153.6838159069093,8.076845238095238,33.019999999999996,0.984937850140056,0.2785294117647059,8,48,42,56,28,0.12498390987714726,55.31,0.047619047619047616,0.25,2022,10,4,43,-0.8854560256532101,0.464723172043768,-0.8660254037844386,0.5000000000000001,0.0,0.0,0.0,2.0,1.0,1.0,0.5,0.7071067811865476,1.0,0.25,0.4999999999999994,1.0,0.625,0.7440238091428436,2.0,0.5833333333333334,0.6685579234215202,2.0,1.0,-1.0
2022-10-31,0,66.71166666666666,6.99990014185974,25.82,73.99,3564.2619047619046,2153.6838159069093,8.104761904761904,35.39,0.9810539215686275,0.37970588235294117,6,48,42,56,28,0.10492767594663213,48.169999999999995,0.03571428571428571,0.25,2022,10,4,44,-0.822983865893657,0.5680647467311548,-0.8660254037844386,0.5000000000000001,1.0,0.0,0.0,0.0,1.0,1.0,0.5,0.7071067811865476,1.0,0.25,0.4999999999999994,1.0,0.5,0.7559289460184531,2.0,0.5,0.6741998624632409,2.0,-1.0,0.0
2022-11-07,2,67.01535714285714,6.672205095001878,23.96,73.44,3564.2619047619046,2153.6838159069093,8.397738095238095,33.370000000000005,0.9855199579831933,0.3523529411764706,6,48,42,56,28,0.09956232988177155,49.48,0.03571428571428571,0.25,2022,11,4,45,-0.7485107481711011,0.6631226582407952,-0.5000000000000004,0.8660254037844384,0.0,1.0,0.0,0.0,0.0,0.0,1.0,1.4142135623730951,2.0,0.75,0.9574271077563378,2.0,0.75,0.8864052604279172,2.0,0.6666666666666666,0.7784989441615219,2.0,2.0,2.0
2022-11-14,2,66.25595238095238,9.28613074629255,18.17,74.1,3564.2619047619046,2153.6838159069093,7.723452380952381,35.83,0.9743522408963585,0.2672058823529412,9,48,42,56,28,0.1401554186844981,55.92999999999999,0.05357142857142857,0.25,2022,11,4,46,-0.6631226582407955,0.7485107481711007,-0.5000000000000004,0.8660254037844384,2.0,0.0,1.0,0.0,1.0,0.0,2.0,0.0,2.0,1.25,0.9574271077563378,2.0,0.875,0.9910312089651139,2.0,0.8333333333333334,0.8348471099367207,2.0,0.0,2.0
2022-11-21,4,65.90238095238095,9.140958638788508,22.07,73.75,3564.2619047619046,2153.6838159069093,7.501666666666667,34.93,0.9691526610644258,0.3245588235294118,10,48,42,56,28,0.13870452791976493,51.68,0.05952380952380952,0.25,2022,11,4,47,-0.5680647467311559,0.8229838658936564,-0.5000000000000004,0.8660254037844384,2.0,2.0,0.0,1.0,2.0,1.0,3.0,1.4142135623730951,4.0,2.0,1.6329931618554518,4.0,1.125,1.4577379737113243,4.0,1.0833333333333333,1.2401124093721447,4.0,2.0,3.0
2022-11-28,1,67.31517857142858,8.378026218699405,15.23,74.43,3564.2619047619046,2153.6838159069093,9.695773809523809,43.28,0.9899290966386555,0.22397058823529412,7,48,42,56,28,0.12445968942664881,59.2,0.041666666666666664,0.25,2022,11,4,48,-0.4647231720437684,0.88545602565321,-0.5000000000000004,0.8660254037844384,4.0,2.0,2.0,0.0,0.0,1.0,2.5,2.1213203435596424,4.0,2.25,1.2583057392117913,4.0,1.25,1.3887301496588265,4.0,1.0833333333333333,1.2401124093721447,4.0,-3.0,1.0
2022-12-05,3,65.9522619047619,8.197389660639569,21.4,73.11,3564.2619047619046,2153.6838159069093,7.560833333333333,31.659999999999997,0.9698862044817927,0.31470588235294117,6,48,42,56,28,0.12429277516633133,51.71,0.03571428571428571,0.25,2022,12,4,49,-0.35460488704253595,0.9350162426854147,-2.4492935982947064e-16,1.0,1.0,4.0,2.0,2.0,0.0,0.0,2.0,1.4142135623730951,3.0,2.5,1.2909944487358054,4.0,1.625,1.407885953173358,4.0,1.3333333333333333,1.3026778945578583,4.0,2.0,1.0
2022-12-12,1,62.822500000000005,9.692443179633255,17.71,72.2,3564.2619047619046,2153.6838159069093,6.071071428571429,44.29,0.9238602941176471,0.26044117647058823,12,48,42,56,28,0.15428299064241718,54.49,0.07142857142857142,0.25,2022,12,4,50,-0.2393156642875578,0.970941817426052,-2.4492935982947064e-16,1.0,3.0,1.0,4.0,2.0,0.0,1.0,2.0,1.4142135623730951,3.0,2.25,1.4999999999999998,4.0,1.75,1.2817398889233107,4.0,1.3333333333333333,1.3026778945578583,4.0,-2.0,-1.0
2022-12-19,0,64.52059523809524,8.675954153975997,26.02,75.76,3564.2619047619046,2153.6838159069093,6.380595238095238,33.34,0.9488322829131652,0.3826470588235294,9,48,42,56,28,0.1344679806805844,49.74000000000001,0.05357142857142857,0.25,2022,12,4,51,-0.12053668025532363,0.992708874098054,-2.4492935982947064e-16,1.0,1.0,3.0,1.0,4.0,1.0,2.0,0.5,0.7071067811865476,1.0,1.25,1.2583057392117913,3.0,1.625,1.407885953173358,4.0,1.1666666666666667,1.337115846843042,4.0,-1.0,-4.0
2022-12-26,1,62.8522619047619,8.873631374770232,20.73,74.32,3564.2619047619046,2153.6838159069093,7.950119047619048,31.650000000000006,0.924297969187675,0.3048529411764706,15,48,42,56,28,0.141182371260022,53.58999999999999,0.08928571428571429,0.25,2022,12,4,52,6.432490598706546e-16,1.0,-2.4492935982947064e-16,1.0,0.0,1.0,3.0,1.0,0.0,0.0,0.5,0.7071067811865476,1.0,1.25,1.2583057392117913,3.0,1.75,1.2817398889233107,4.0,1.25,1.2880570286640676,4.0,1.0,0.0
2023-01-02,6,66.80017857142857,3.893323853290913,49.88,74.93,3564.2619047619046,2153.6838159069093,7.72922619047619,32.22,0.9823555672268908,0.7335294117647059,0,48,42,56,28,0.058283135412996415,25.050000000000004,0.0,0.25,2023,1,1,1,0.12053668025532305,0.992708874098054,0.49999999999999994,0.8660254037844387,1.0,0.0,1.0,3.0,2.0,0.0,3.5,3.5355339059327378,6.0,2.0,2.70801280154532,6.0,2.25,1.9820624179302293,6.0,1.75,1.8153386861559864,6.0,5.0,3.0
2023-01-09,2,66.57185628742515,5.744293304627101,25.14,74.93,3583.017964071856,2146.354854707382,7.657485029940119,32.519999999999996,0.9789978865797817,0.36970588235294116,3,48,42,55,28,0.08628711327841025,49.790000000000006,0.017857142857142856,0.25,2023,1,1,2,0.23931566428755774,0.970941817426052,0.49999999999999994,0.8660254037844387,6.0,1.0,0.0,1.0,2.0,0.0,4.0,2.8284271247461903,6.0,2.25,2.629955639676583,6.0,2.25,1.9820624179302293,6.0,1.9166666666666667,1.7298624923456314,6.0,-4.0,1.0
2023-01-16,2,66.32732142857142,8.844056258620583,6.9,79.54,3564.2619047619046,2153.6838159069093,8.753630952380952,55.1,0.9754017857142857,0.10147058823529412,7,48,42,56,28,0.13333956608129938,72.64,0.041666666666666664,0.25,2023,1,1,3,0.3546048870425356,0.9350162426854148,0.49999999999999994,0.8660254037844387,2.0,6.0,1.0,0.0,4.0,1.0,2.0,0.0,2.0,2.75,2.2173557826083448,6.0,2.0,1.8516401995451024,6.0,2.0,1.7056057308448827,6.0,0.0,2.0
2023-01-23,1,65.23910714285714,9.816226626665488,13.94,84.0,3564.2619047619046,2153.6838159069093,7.554821428571429,35.08,0.9593986344537816,0.205,9,48,42,56,28,0.15046537355531914,70.06,0.05357142857142857,0.25,2023,1,1,4,0.4647231720437685,0.8854560256532099,0.49999999999999994,0.8660254037844387,2.0,2.0,6.0,1.0,1.0,0.0,1.5,0.7071067811865476,2.0,2.75,2.2173557826083448,6.0,2.0,1.8516401995451024,6.0,2.0833333333333335,1.6213537179739268,6.0,-1.0,0.0
2023-01-30,0,66.09494047619049,8.743812388555465,16.73,80.73,3564.2619047619046,2153.6838159069093,7.792678571428572,34.709999999999994,0.971984418767507,0.24602941176470589,7,48,42,56,28,0.13229170531903672,64.0,0.041666666666666664,0.25,2023,1,1,5,0.5680647467311558,0.8229838658936564,0.49999999999999994,0.8660254037844387,1.0,2.0,2.0,6.0,3.0,2.0,0.5,0.7071067811865476,1.0,1.25,0.9574271077563378,2.0,1.625,1.9226098333849666,6.0,1.9166666666666667,1.7298624923456314,6.0,-1.0,-6.0
2023-02-06,0,62.991341463414635,10.804861069412839,24.88,79.98,3636.2256097560976,2129.0624663447015,9.166463414634146,32.05,0.9263432568149211,0.36588235294117644,14,48,42,52,28,0.17152930574892267,55.10000000000001,0.08333333333333333,0.25,2023,2,1,6,0.6631226582407952,0.7485107481711011,0.8660254037844386,0.5000000000000001,0.0,1.0,2.0,2.0,1.0,2.0,0.0,0.0,0.0,0.75,0.9574271077563378,2.0,1.5,1.9999999999999993,6.0,1.75,1.8153386861559864,6.0,0.0,-2.0
2023-02-13,2,67.28690476190476,9.697098272835593,17.89,82.4,3564.2619047619046,2153.6838159069093,9.565119047619048,43.11,0.9895133053221289,0.2630882352941177,9,48,42,56,28,0.14411568353677212,64.51,0.05357142857142857,0.25,2023,2,1,7,0.7485107481711011,0.6631226582407953,0.8660254037844386,0.5000000000000001,0.0,0.0,1.0,2.0,0.0,4.0,1.0,1.4142135623730951,2.0,0.75,0.9574271077563378,2.0,1.75,1.908627030841055,6.0,1.5833333333333333,1.6764862244009218,6.0,2.0,0.0
2023-02-20,1,67.59221556886227,9.09883478579945,21.58,78.44,3583.0718562874254,2146.27514424539,9.454850299401198,38.8,0.9940031701303276,0.31735294117647056,9,48,42,55,28,0.13461364906036627,56.86,0.05357142857142857,0.25,2023,2,1,8,0.8229838658936564,0.5680647467311559,0.8660254037844386,0.5000000000000001,2.0,0.0,0.0,1.0,1.0,1.0,1.5,0.7071067811865476,2.0,0.75,0.9574271077563378,2.0,1.75,1.908627030841055,6.0,1.5833333333333333,1.6764862244009218,6.0,-1.0,0.0
2023-02-27,0,65.72263473053893,11.778301634867356,16.15,80.28,3583.0718562874254,2146.27514424539,8.998203592814372,45.019999999999996,0.9665093342726312,0.2375,12,48,42,55,28,0.1792122559169772,64.13,0.07142857142857142,0.25,2023,2,1,9,0.8854560256532099,0.4647231720437686,0.8660254037844386,0.5000000000000001,1.0,2.0,0.0,0.0,6.0,3.0,0.5,0.7071067811865476,1.0,0.75,0.9574271077563378,2.0,1.0,0.9258200997725503,2.0,1.3333333333333333,1.669694219873443,6.0,-1.0,0.0
2023-03-06,1,65.76184523809523,9.008772281051035,5.66,82.57,3564.2619047619046,2153.6838159069093,7.828630952380952,56.34,0.9670859593837535,0.08323529411764706,7,48,42,56,28,0.13699086831329266,76.91,0.041666666666666664,0.25,2023,3,1,10,0.9350162426854148,0.35460488704253557,1.0,6.123233995736766e-17,0.0,1.0,2.0,0.0,2.0,1.0,0.5,0.7071067811865476,1.0,1.0,0.8164965809277256,2.0,0.875,0.834522960396279,2.0,1.3333333333333333,1.669694219873443,6.0,1.0,1.0
2023-03-13,3,65.64415662650603,9.322974109912955,15.6,78.0,3600.090361445783,2141.5137546796873,7.626204819277109,47.4,0.9653552445074416,0.22941176470588234,8,47,42,54,28,0.14202290941077444,62.4,0.047619047619047616,0.25,2023,3,1,11,0.970941817426052,0.23931566428755804,1.0,6.123233995736766e-17,1.0,0.0,1.0,2.0,2.0,0.0,2.0,1.4142135623730951,3.0,1.25,1.2583057392117913,3.0,1.0,1.0690449676496967,3.0,1.5833333333333333,1.6764862244009218,6.0,2.0,1.0
2023-03-20,0,68.19363095238096,7.346261212556228,19.85,99.0,3564.2619047619046,2153.6838159069093,9.541845238095238,38.0,1.0028475140056021,0.29191176470588237,3,48,42,56,28,0.10772650040714302,79.15,0.017857142857142856,0.25,2023,3,1,12,0.992708874098054,0.120536680255323,1.0,6.123233995736766e-17,3.0,1.0,0.0,1.0,1.0,1.0,1.5,2.1213203435596424,3.0,1.0,1.4142135623730947,3.0,0.875,1.1259916264596024,3.0,1.5,1.7320508075688765,6.0,-3.0,-1.0
2023-03-27,1,67.80952095808384,7.203421108941974,29.59,89.0,3582.263473053892,2147.446489237781,9.519341317365269,34.41,0.9971988376188798,0.4351470588235294,4,48,42,55,28,0.10623023149499519,59.41,0.023809523809523808,0.25,2023,3,1,13,1.0,-1.6081226496766366e-16,1.0,6.123233995736766e-17,0.0,3.0,1.0,0.0,0.0,6.0,0.5,0.7071067811865476,1.0,1.25,1.2583057392117913,3.0,1.0,1.0690449676496965,3.0,1.0833333333333333,0.9962049198956207,3.0,1.0,1.0
2023-04-03,2,67.04807228915662,8.598962792679949,19.49,83.0,3600.2168674698796,2141.2677923940455,9.876144578313253,44.510000000000005,0.9860010630758328,0.28661764705882353,7,48,42,54,28,0.1282507087690069,63.510000000000005,0.041666666666666664,0.25,2023,4,2,14,0.992708874098054,-0.12053668025532288,0.8660254037844387,-0.4999999999999998,1.0,0.0,3.0,1.0,0.0,2.0,1.5,0.7071067811865476,2.0,1.5,1.2909944487358054,3.0,1.25,1.0350983390135304,3.0,1.0833333333333333,0.9962049198956207,3.0,1.0,1.0
2023-04-10,2,68.26957575757575,5.918491418645423,41.15,82.0,3617.309090909091,2136.406284491985,9.32169696969697,34.53,1.0039643493761141,0.6051470588235294,2,48,42,53,28,0.08669295733815452,40.85,0.011904761904761904,0.25,2023,4,2,15,0.9709418174260521,-0.2393156642875575,0.8660254037844387,-0.4999999999999998,2.0,1.0,0.0,3.0,2.0,2.0,2.0,0.0,2.0,1.25,0.9574271077563377,2.0,1.25,1.0350983390135304,3.0,1.0833333333333333,0.9962049198956207,3.0,0.0,-1.0
2023-04-17,1,66.58866666666667,9.778649810368565,22.88,84.0,3619.242424242424,2133.66696589696,8.931454545454546,29.810000000000002,0.9792450980392157,0.3364705882352941,11,48,42,53,28,0.14685156348480569,61.120000000000005,0.06547619047619048,0.25,2023,4,2,16,0.9350162426854148,-0.35460488704253545,0.8660254037844387,-0.4999999999999998,2.0,2.0,1.0,0.0,1.0,1.0,1.5,0.7071067811865476,2.0,1.5,0.577350269189625,2.0,1.25,1.0350983390135304,3.0,1.0833333333333333,0.9962049198956207,3.0,-1.0,1.0
2023-04-24,1,66.3300606060606,10.149635611443644,24.51,80.0,3618.478787878788,2134.7915120339458,8.41090909090909,32.81999999999999,0.9754420677361854,0.36044117647058826,11,48,42,53,28,0.15301713157964866,55.489999999999995,0.06547619047619048,0.25,2023,4,2,17,0.8854560256532099,-0.4647231720437685,0.8660254037844387,-0.4999999999999998,1.0,2.0,2.0,1.0,0.0,0.0,1.0,0.0,1.0,1.5,0.577350269189625,2.0,1.375,0.9161253813129032,3.0,1.1666666666666667,0.9374368665610908,3.0,0.0,0.0
2023-05-01,1,67.79626506024097,7.789717653239816,15.16,78.38,3602.0,2138.743009481518,9.381084337349398,46.84,0.99700389794472,0.22294117647058823,5,48,42,54,28,0.11489892026232114,63.22,0.02976190476190476,0.25,2023,5,2,18,0.8229838658936565,-0.5680647467311557,0.49999999999999994,-0.8660254037844387,1.0,1.0,2.0,2.0,1.0,0.0,1.0,0.0,1.0,1.25,0.499999999999999,2.0,1.375,0.9161253813129032,3.0,1.25,0.8660254037844373,3.0,0.0,-1.0
2023-05-08,1,67.56401197604791,9.424734636248978,14.31,80.17,3583.0718562874254,2146.27514424539,9.50377245508982,46.69,0.9935884114124692,0.21044117647058824,10,48,42,55,28,0.13949341314411787,65.86,0.05952380952380952,0.25,2023,5,2,19,0.7485107481711013,-0.663122658240795,0.49999999999999994,-0.8660254037844387,1.0,1.0,1.0,2.0,3.0,2.0,1.0,0.0,1.0,1.0,0.0,1.0,1.125,0.6408699444616542,2.0,1.1666666666666667,0.8348471099367204,3.0,0.0,-1.0
2023-05-15,1,68.34481927710843,6.078623520710526,39.22,89.0,3601.9337349397592,2138.8416466680565,9.598915662650603,31.489999999999995,1.0050708717221828,0.576764705882353,3,48,42,54,28,0.08894051641375127,49.78,0.017857142857142856,0.25,2023,5,2,20,0.6631226582407952,-0.7485107481711012,0.49999999999999994,-0.8660254037844387,1.0,1.0,1.0,1.0,0.0,1.0,1.0,0.0,1.0,1.0,0.0,1.0,1.25,0.46291004988627366,2.0,1.1666666666666667,0.8348471099367204,3.0,0.0,0.0
2023-05-22,1,67.87065868263473,7.272092317342879,28.26,79.87,3583.0718562874254,2146.27514424539,8.864670658682636,32.599999999999994,0.9980979218034519,0.41558823529411765,5,48,42,55,28,0.10714633478580789,51.61,0.02976190476190476,0.25,2023,5,2,21,0.5680647467311558,-0.8229838658936564,0.49999999999999994,-0.8660254037844387,1.0,1.0,1.0,1.0,1.0,0.0,1.0,0.0,1.0,1.0,0.0,1.0,1.25,0.46291004988627366,2.0,1.25,0.7537783614444075,3.0,0.0,0.0
2023-05-29,1,69.19616766467065,5.875763753127121,37.84,82.0,3582.1077844311376,2147.666102332416,9.919520958083831,33.64,1.0175907009510392,0.5564705882352942,4,48,42,55,28,0.08491458344342814,44.16,0.023809523809523808,0.25,2023,5,2,22,0.46472317204376906,-0.8854560256532096,0.49999999999999994,-0.8660254037844387,1.0,1.0,1.0,1.0,2.0,1.0,1.0,0.0,1.0,1.0,0.0,1.0,1.125,0.353553390593271,2.0,1.25,0.7537783614444075,3.0,0.0,0.0
2023-06-05,1,69.4075925925926,5.399497193701418,42.58,88.0,3678.777777777778,2107.5212516335287,10.128950617283952,32.42,1.020699891067538,0.6261764705882352,2,47,42,50,28,0.07779404229441132,45.42,0.011904761904761904,0.25,2023,6,2,23,0.35460488704253584,-0.9350162426854147,1.2246467991473532e-16,-1.0,1.0,1.0,1.0,1.0,2.0,3.0,1.0,0.0,1.0,1.0,0.0,1.0,1.0,0.0,1.0,1.0833333333333333,0.5149286505444348,2.0,0.0,0.0
2023-06-12,3,67.91570552147239,8.133246885494222,24.24,87.0,3655.9386503067485,2120.4567633181946,9.88515337423313,35.8,0.9987603753157706,0.3564705882352941,6,48,42,51,28,0.1197550231282335,62.760000000000005,0.03571428571428571,0.25,2023,6,2,24,0.23931566428755768,-0.970941817426052,1.2246467991473532e-16,-1.0,1.0,1.0,1.0,1.0,1.0,0.0,2.0,1.4142135623730951,3.0,1.5,0.9999999999999996,3.0,1.25,0.7071067811865462,3.0,1.3333333333333333,0.6513389472789278,3.0,2.0,2.0
2023-06-19,1,66.52434782608695,9.522410788674309,17.1,82.0,3691.049689440994,2108.7889972720195,9.271428571428572,30.439999999999998,0.9782992327365728,0.2514705882352941,8,46,42,49,28,0.14314173832366647,64.9,0.047619047619047616,0.25,2023,6,2,25,0.12053668025532308,-0.992708874098054,1.2246467991473532e-16,-1.0,3.0,1.0,1.0,1.0,1.0,1.0,2.0,1.4142135623730951,3.0,1.5,0.9999999999999996,3.0,1.25,0.7071067811865462,3.0,1.3333333333333333,0.6513389472789278,3.0,-2.0,0.0
2023-06-26,1,67.35440993788819,9.393882906226827,17.6,85.0,3689.3291925465837,2112.2170188465416,9.154161490683231,34.540000000000006,0.9905060284983559,0.25882352941176473,7,46,42,49,28,0.13946945589590237,67.4,0.041666666666666664,0.25,2023,6,2,26,-3.216245299353273e-16,-1.0,1.2246467991473532e-16,-1.0,1.0,3.0,1.0,1.0,1.0,2.0,1.0,0.0,1.0,1.5,0.9999999999999996,3.0,1.25,0.7071067811865462,3.0,1.25,0.6215815605080591,3.0,0.0,0.0
2023-07-03,1,68.48469135802469,7.61309252895688,23.87,94.0,3679.2654320987654,2106.7634055870203,9.914938271604937,34.0,1.0071278140885984,0.3510294117647059,3,47,42,50,28,0.11116488047171168,70.13,0.017857142857142856,0.25,2023,7,3,27,-0.12053668025532283,-0.992708874098054,-0.4999999999999997,-0.8660254037844388,1.0,1.0,3.0,1.0,1.0,2.0,1.0,0.0,1.0,1.5,0.9999999999999996,3.0,1.25,0.7071067811865462,3.0,1.1666666666666667,0.5773502691896237,3.0,0.0,0.0
2023-07-10,2,68.77298780487806,5.776267415155232,41.09,83.0,3629.932926829268,2135.682434663744,10.09359756097561,44.739999999999995,1.011367467718795,0.604264705882353,1,48,42,52,28,0.0839903514377417,41.91,0.005952380952380952,0.25,2023,7,3,28,-0.23931566428755743,-0.9709418174260521,-0.4999999999999997,-0.8660254037844388,1.0,1.0,1.0,3.0,1.0,1.0,1.5,0.7071067811865476,2.0,1.25,0.4999999999999991,2.0,1.375,0.7440238091428437,3.0,1.25,0.6215815605080591,3.0,1.0,-1.0
2023-07-17,1,67.69644171779142,8.927247974391298,13.74,83.81,3656.8098159509204,2119.2767446458897,10.037055214723926,46.26,0.9955359076145797,0.20205882352941176,9,47,42,51,28,0.13187174610456834,70.07000000000001,0.05357142857142857,0.25,2023,7,3,29,-0.3546048870425356,-0.9350162426854148,-0.4999999999999997,-0.8660254037844388,2.0,1.0,1.0,1.0,1.0,1.0,1.5,0.7071067811865476,2.0,1.25,0.4999999999999991,2.0,1.375,0.7440238091428437,3.0,1.25,0.6215815605080591,3.0,-1.0,0.0
2023-07-24,0,68.0726875,9.529159401302946,8.02,91.9,3715.03125,2095.3500613311467,10.511687499999999,51.980000000000004,1.0010689338235292,0.11794117647058823,4,46,42,48,28,0.13998506231009236,83.88000000000001,0.023809523809523808,0.25,2023,7,3,30,-0.46472317204376806,-0.8854560256532101,-0.4999999999999997,-0.8660254037844388,1.0,2.0,1.0,1.0,1.0,1.0,0.5,0.7071067811865476,1.0,1.0,0.8164965809277255,2.0,1.25,0.8864052604279172,3.0,1.1666666666666667,0.7177405625652717,3.0,-1.0,-1.0
2023-07-31,1,67.17129629629629,9.265533282268809,6.07,79.26,3676.203703703704,2111.3363821275643,9.603641975308642,56.93,0.9878131808278867,0.08926470588235294,7,46,42,50,28,0.13793887855607298,73.19,0.041666666666666664,0.25,2023,7,3,31,-0.5680647467311556,-0.8229838658936566,-0.4999999999999997,-0.8660254037844388,0.0,1.0,2.0,1.0,1.0,1.0,0.5,0.7071067811865476,1.0,1.0,0.8164965809277255,2.0,1.25,0.8864052604279172,3.0,1.1666666666666667,0.7177405625652717,3.0,1.0,0.0
2023-08-07,0,67.5720625,8.299090887309138,22.73,93.0,3704.39375,2108.64965314514,9.3518125,36.39,0.9937068014705883,0.33426470588235296,6,48,42,48,28,0.12281837463980233,70.27,0.03571428571428571,0.25,2023,8,3,32,-0.663122658240795,-0.7485107481711013,-0.8660254037844385,-0.5000000000000004,1.0,0.0,1.0,2.0,3.0,1.0,0.5,0.7071067811865476,1.0,0.5,0.5773502691896251,1.0,0.875,0.6408699444616542,2.0,1.0833333333333333,0.7929614610987575,3.0,-1.0,-2.0
2023-08-14,0,67.37962732919254,7.537454385284756,22.09,91.0,3692.0621118012423,2108.447381040849,8.656273291925466,34.0,0.9908768724881257,0.32485294117647057,6,46,42,49,28,0.11186548047319221,68.91,0.03571428571428571,0.25,2023,8,3,33,-0.7485107481711011,-0.6631226582407952,-0.8660254037844385,-0.5000000000000004,0.0,1.0,0.0,1.0,1.0,1.0,0.0,0.0,0.0,0.25,0.4999999999999991,1.0,0.75,0.7071067811865462,2.0,1.0,0.8528028654224403,3.0,0.0,-1.0
2023-08-21,3,65.62098159509202,13.057871625046802,12.55,79.0,3651.7423312883434,2126.5092638515316,9.92564417177914,45.1,0.9650144352219414,0.18455882352941178,15,48,42,51,28,0.19898927610713213,66.45,0.08928571428571429,0.25,2023,8,3,34,-0.8229838658936564,-0.5680647467311559,-0.8660254037844385,-0.5000000000000004,0.0,0.0,1.0,0.0,1.0,1.0,1.5,2.1213203435596424,3.0,1.0,1.4142135623730947,3.0,1.0,1.0690449676496965,3.0,1.1666666666666667,1.0298573010888732,3.0,3.0,3.0
2023-08-28,2,66.47382716049383,9.7398196659497,25.47,85.0,3676.617283950617,2110.7219427720474,8.365802469135803,31.260000000000005,0.9775562817719681,0.3745588235294117,11,46,42,50,28,0.14652112089821404,59.53,0.06547619047619048,0.25,2023,8,3,35,-0.8854560256532096,-0.4647231720437691,-0.8660254037844385,-0.5000000000000004,3.0,0.0,0.0,1.0,1.0,1.0,2.5,0.7071067811865476,3.0,1.25,1.4999999999999998,3.0,1.125,1.1259916264596024,3.0,1.25,1.0552897060221715,3.0,-1.0,1.0
2023-09-04,3,68.0133125,9.15963229617328,11.18,81.83,3710.66875,2101.6654423865125,9.881812499999999,51.82,1.0001957720588235,0.16441176470588234,7,47,42,48,28,0.13467410951603453,70.65,0.041666666666666664,0.25,2023,9,3,36,-0.9350162426854147,-0.3546048870425359,-1.0,-1.8369701987210297e-16,2.0,3.0,0.0,0.0,2.0,3.0,2.5,0.7071067811865476,3.0,2.0,1.4142135623730947,3.0,1.25,1.2817398889233107,3.0,1.25,1.0552897060221715,3.0,1.0,3.0
2023-09-11,3,67.46820512820513,9.141093072718522,22.21,87.02,3794.108974358974,2061.791020897711,8.965769230769231,37.620000000000005,0.9921794871794872,0.32661764705882357,7,45,42,44,28,0.13548742041304257,64.81,0.041666666666666664,0.25,2023,9,3,37,-0.970941817426052,-0.23931566428755774,-1.0,-1.8369701987210297e-16,3.0,2.0,3.0,0.0,1.0,1.0,3.0,0.0,3.0,2.75,0.4999999999999992,3.0,1.5,1.4142135623730943,3.0,1.4166666666666667,1.164500152881314,3.0,0.0,3.0
2023-09-18,1,66.53950310559007,12.595403169472297,8.26,96.0,3692.1428571428573,2108.4389274328737,9.927453416149067,55.74,0.9785221044939715,0.12147058823529411,14,48,42,49,28,0.1892921134304975,87.74,0.08333333333333333,0.25,2023,9,3,38,-0.992708874098054,-0.12053668025532357,-1.0,-1.8369701987210297e-16,3.0,3.0,2.0,3.0,0.0,1.0,2.0,1.4142135623730951,3.0,2.25,0.9574271077563377,3.0,1.625,1.3024701806293184,3.0,1.4166666666666667,1.164500152881314,3.0,-2.0,-2.0
2023-09-25,2,66.50865030674846,10.631640786887239,11.16,82.0,3653.6257668711655,2123.9238323218674,8.966932515337424,49.84,0.9780683868639481,0.16411764705882353,10,48,42,51,28,0.15985350383525185,70.84,0.05952380952380952,0.25,2023,9,3,39,-1.0,-1.8369701987210297e-16,-1.0,-1.8369701987210297e-16,1.0,3.0,3.0,2.0,1.0,1.0,1.5,0.7071067811865476,2.0,2.25,0.9574271077563377,3.0,1.75,1.2817398889233107,3.0,1.5,1.1677484162422835,3.0,1.0,0.0
2023-10-02,1,66.96856249999999,10.809533984618515,17.97,83.42,3710.74375,2100.5540546338434,8.8448125,34.33,0.9848318014705881,0.2642647058823529,11,46,42,48,28,0.16141206531973143,65.45,0.06547619047619048,0.25,2023,10,4,40,-0.992708874098054,0.1205366802553232,-0.8660254037844386,0.5000000000000001,2.0,1.0,3.0,3.0,0.0,2.0,1.5,0.7071067811865476,2.0,1.75,0.9574271077563377,3.0,1.875,1.1259916264596024,3.0,1.4166666666666667,1.164500152881314,3.0,-1.0,-2.0
2023-10-09,1,68.09267080745342,7.7736637724566515,26.06,86.0,3688.583850931677,2109.613277827853,9.172298136645963,34.7,1.001362805991962,0.38323529411764706,5,47,42,49,28,0.11416300286470402,59.94,0.02976190476190476,0.25,2023,10,4,41,-0.9709418174260521,0.23931566428755738,-0.8660254037844386,0.5000000000000001,1.0,2.0,1.0,3.0,0.0,1.0,1.0,0.0,1.0,1.25,0.499999999999999,2.0,2.0,0.9258200997725503,3.0,1.4166666666666667,1.164500152881314,3.0,0.0,-2.0
2023-10-16,4,68.8623076923077,7.045386121990789,17.9,87.27,3797.3846153846152,2056.8634701864853,10.780641025641026,45.1,1.012680995475113,0.263235294117647,3,45,42,44,28,0.10231121143182074,69.37,0.017857142857142856,0.25,2023,10,4,42,-0.9350162426854148,0.35460488704253557,-0.8660254037844386,0.5000000000000001,1.0,1.0,2.0,1.0,3.0,0.0,2.5,2.1213203435596424,4.0,2.0,1.414213562373095,4.0,2.125,1.1259916264596024,4.0,1.75,1.2880570286640676,4.0,3.0,3.0
2023-10-23,2,67.26525316455697,10.17263938089403,13.91,86.47,3759.4556962025317,2070.999249862039,9.020696202531646,34.06,0.9891948994787788,0.20455882352941177,7,47,42,46,28,0.15123171180234463,72.56,0.041666666666666664,0.25,2023,10,4,43,-0.8854560256532101,0.464723172043768,-0.8660254037844386,0.5000000000000001,4.0,1.0,1.0,2.0,2.0,1.0,3.0,1.4142135623730951,4.0,2.0,1.414213562373095,4.0,2.125,1.1259916264596024,4.0,1.8333333333333333,1.2673044646258464,4.0,-2.0,0.0
2023-10-30,1,64.89032679738561,12.67900966466669,10.0,81.0,3849.947712418301,2041.660797742245,8.876470588235293,49.519999999999996,0.9542695117262591,0.14705882352941177,12,43,42,41,28,0.19539136710246185,71.0,0.07142857142857142,0.25,2023,10,4,44,-0.822983865893657,0.5680647467311548,-0.8660254037844386,0.5000000000000001,2.0,4.0,1.0,1.0,3.0,0.0,1.5,0.7071067811865476,2.0,2.0,1.414213562373095,4.0,1.875,1.1259916264596024,4.0,1.9166666666666667,1.164500152881314,4.0,-1.0,0.0
2023-11-06,4,66.12478260869565,11.08199491782485,6.46,88.16,3696.335403726708,2102.2794977835943,9.000186335403727,54.54,0.972423273657289,0.095,12,47,42,49,28,0.16759215653538537,81.7,0.07142857142857142,0.25,2023,11,4,45,-0.7485107481711011,0.6631226582407952,-0.5000000000000004,0.8660254037844384,1.0,2.0,4.0,1.0,3.0,0.0,2.5,2.1213203435596424,4.0,2.75,1.4999999999999998,4.0,2.0,1.3093073414159535,4.0,2.25,1.138180365958991,4.0,3.0,3.0
2023-11-13,1,67.56646341463414,8.469153755242704,25.41,86.0,3636.439024390244,2128.727524499033,8.651341463414633,29.099999999999994,0.9936244619799138,0.3736764705882353,6,47,42,52,28,0.12534552390688514,60.59,0.03571428571428571,0.25,2023,11,4,46,-0.6631226582407955,0.7485107481711007,-0.5000000000000004,0.8660254037844384,4.0,1.0,2.0,4.0,1.0,3.0,2.5,2.1213203435596424,4.0,2.0,1.414213562373095,4.0,2.0,1.3093073414159535,4.0,2.0833333333333335,1.164500152881314,4.0,-3.0,-3.0
2023-11-20,2,66.63042944785276,10.04948474508005,16.01,91.0,3659.2331288343557,2115.781957337398,8.753006134969326,45.989999999999995,0.97985925658607,0.23544117647058826,10,46,42,51,28,0.1508242529480486,74.99,0.05952380952380952,0.25,2023,11,4,47,-0.5680647467311559,0.8229838658936564,-0.5000000000000004,0.8660254037844384,1.0,4.0,1.0,2.0,2.0,2.0,1.5,0.7071067811865476,2.0,2.0,1.414213562373095,4.0,2.0,1.3093073414159535,4.0,2.0833333333333335,1.164500152881314,4.0,1.0,0.0
2023-11-27,1,69.23913043478261,8.784820458559778,13.74,87.0,3690.3478260869565,2110.7528019076194,11.128695652173914,46.26,1.018222506393862,0.20205882352941176,4,47,42,49,28,0.126876527815934,73.26,0.023809523809523808,0.25,2023,11,4,48,-0.4647231720437684,0.88545602565321,-0.5000000000000004,0.8660254037844384,2.0,1.0,4.0,1.0,1.0,3.0,1.5,0.7071067811865476,2.0,2.0,1.414213562373095,4.0,2.0,1.3093073414159535,4.0,1.9166666666666667,1.164500152881314,4.0,-1.0,0.0
2023-12-04,1,66.68286585365854,10.31540552392385,8.51,94.0,3638.0853658536585,2126.377891498413,9.20530487804878,52.49,0.9806303802008608,0.12514705882352942,8,48,42,52,28,0.1546934942262668,85.49,0.047619047619047616,0.25,2023,12,4,49,-0.35460488704253595,0.9350162426854147,-2.4492935982947064e-16,1.0,1.0,2.0,1.0,4.0,1.0,3.0,1.0,0.0,1.0,1.25,0.4999999999999995,2.0,2.0,1.3093073414159535,4.0,1.75,1.1381803659589909,4.0,0.0,-3.0
2023-12-11,2,64.44068322981367,13.891939215072874,6.55,82.0,3692.832298136646,2107.364809531163,9.619068322981366,54.45,0.9476571063207891,0.0963235294117647,16,46,42,49,28,0.21557715590212315,75.45,0.09523809523809523,0.25,2023,12,4,50,-0.2393156642875578,0.970941817426052,-2.4492935982947064e-16,1.0,1.0,1.0,2.0,1.0,4.0,1.0,1.5,0.7071067811865476,2.0,1.5,0.5773502691896254,2.0,1.75,1.0350983390135304,4.0,1.8333333333333333,1.1146408580454241,4.0,1.0,1.0
2023-12-18,1,66.56453416149068,10.146156412055163,21.48,85.99,3695.8447204968943,2102.901434800875,8.597577639751552,40.519999999999996,0.9788902082572158,0.3158823529411765,8,47,42,49,28,0.15242586070594,64.50999999999999,0.047619047619047616,0.25,2023,12,4,51,-0.12053668025532363,0.992708874098054,-2.4492935982947064e-16,1.0,2.0,1.0,1.0,2.0,2.0,2.0,1.5,0.7071067811865476,2.0,1.25,0.49999999999999944,2.0,1.625,1.0606601717798203,4.0,1.75,1.1381803659589909,4.0,-1.0,-1.0
2023-12-25,1,68.60736196319019,6.567439870649262,29.25,80.62,3656.840490797546,2119.284662468116,9.652024539877301,32.760000000000005,1.0089317935763262,0.43014705882352944,3,46,42,51,28,0.095725002138588,51.370000000000005,0.017857142857142856,0.25,2023,12,4,52,6.432490598706546e-16,1.0,-2.4492935982947064e-16,1.0,1.0,2.0,1.0,1.0,1.0,1.0,1.0,0.0,1.0,1.25,0.49999999999999944,2.0,1.625,1.0606601717798203,4.0,1.75,1.1381803659589909,4.0,0.0,0.0
2024-01-01,0,70.46907975460122,4.812634709971721,38.28,83.0,3607.2269938650306,2112.9378041497353,11.209815950920246,38.06999999999999,1.0363099963911944,0.5629411764705883,1,47,42,52,28,0.06829427497465629,44.72,0.005952380952380952,0.25,2024,1,1,1,0.12053668025532305,0.992708874098054,0.49999999999999994,0.8660254037844387,1.0,1.0,2.0,1.0,4.0,1.0,0.5,0.7071067811865476,1.0,1.0,0.8164965809277257,2.0,1.125,0.640869944461654,2.0,1.6666666666666667,1.230914909793326,4.0,-1.0,-1.0
2024-01-08,1,67.87086956521739,6.923666693965744,29.59,86.0,3493.9627329192544,1989.010956757776,9.29447204968944,34.790000000000006,0.9981010230179028,0.4351470588235294,3,46,42,49,28,0.10201234695118744,56.41,0.017857142857142856,0.25,2024,1,1,2,0.23931566428755774,0.970941817426052,0.49999999999999994,0.8660254037844387,0.0,1.0,1.0,2.0,1.0,4.0,0.5,0.7071067811865476,1.0,0.75,0.49999999999999944,1.0,1.125,0.640869944461654,2.0,1.4166666666666667,0.9962049198956204,4.0,1.0,-1.0
2024-01-15,0,62.34677852348993,12.902805334419103,25.86,83.31,3637.7919463087246,1953.4180551825252,10.686241610738255,35.05,0.9168643900513226,0.38029411764705884,29,45,40,40,28,0.20695223778976501,57.45,0.17261904761904762,0.23809523809523808,2024,1,1,3,0.3546048870425356,0.9350162426854148,0.49999999999999994,0.8660254037844387,1.0,0.0,1.0,1.0,2.0,2.0,0.5,0.7071067811865476,1.0,0.5,0.5773502691896253,1.0,0.875,0.640869944461654,2.0,1.25,1.0552897060221713,4.0,-1.0,-1.0
2024-01-22,2,62.64231292517007,7.818826425271923,17.69,74.5,3712.0476190476193,1924.5854075274442,8.456326530612245,45.31,0.9212104841936773,0.26014705882352945,5,45,42,36,28,0.1248170136152535,56.81,0.02976190476190476,0.25,2024,1,1,4,0.4647231720437685,0.8854560256532099,0.49999999999999994,0.8660254037844387,0.0,1.0,0.0,1.0,1.0,1.0,1.0,1.4142135623730951,2.0,0.75,0.9574271077563378,2.0,1.0,0.7559289460184531,2.0,1.3333333333333333,1.0730867399773183,4.0,2.0,1.0
2024-01-29,0,63.48993788819875,10.23191981600315,9.86,93.0,3492.186335403727,1991.4305134907697,6.726708074534161,52.14,0.9336755571793934,0.145,8,47,42,49,28,0.16115813239604723,83.14,0.047619047619047616,0.25,2024,1,1,5,0.5680647467311558,0.8229838658936564,0.49999999999999994,0.8660254037844387,2.0,0.0,1.0,0.0,1.0,4.0,1.0,1.4142135623730951,2.0,0.75,0.9574271077563378,2.0,0.875,0.8345229603962789,2.0,1.0,0.7385489458759943,2.0,-2.0,0.0
2024-02-05,2,61.54051612903226,10.922097391077992,11.24,83.0,3611.7290322580643,1932.7557887862395,6.490967741935483,50.76,0.9050075901328274,0.1652941176470588,21,45,42,43,28,0.17747815712461013,71.76,0.125,0.25,2024,2,1,6,0.6631226582407952,0.7485107481711011,0.8660254037844386,0.5000000000000001,0.0,2.0,0.0,1.0,2.0,1.0,1.0,1.4142135623730951,2.0,1.0,1.1547005383792512,2.0,0.875,0.8345229603962789,2.0,1.0833333333333333,0.7929614610987572,2.0,2.0,1.0
2024-02-12,8,63.082073170731704,9.961940239948563,19.27,78.0,3439.6341463414633,2010.7129798695362,6.639146341463414,40.45,0.9276775466284074,0.2833823529411765,10,48,42,52,28,0.1579203050760009,58.730000000000004,0.05952380952380952,0.25,2024,2,1,7,0.7485107481711011,0.6631226582407953,0.8660254037844386,0.5000000000000001,2.0,0.0,2.0,0.0,1.0,2.0,5.0,4.242640687119285,8.0,3.0,3.4641016151377544,8.0,1.75,2.6592157812837547,8.0,1.5833333333333333,2.151461800448215,8.0,6.0,8.0
2024-02-19,0,64.80742138364779,9.949880109565628,16.94,88.0,3526.937106918239,1979.495734551614,7.2119496855345915,41.08,0.9530503144654088,0.24911764705882355,9,45,42,47,28,0.15352994914986975,71.06,0.05357142857142857,0.25,2024,2,1,8,0.8229838658936564,0.5680647467311559,0.8660254037844386,0.5000000000000001,8.0,2.0,0.0,2.0,1.0,1.0,4.0,5.656854249492381,8.0,2.5,3.7859388972001824,8.0,1.625,2.7222627143085005,8.0,1.5,2.1950357213908425,8.0,-8.0,-2.0
2024-02-26,3,65.47170886075949,8.916427563810817,25.27,86.0,3551.1265822784812,1963.370946693652,8.54373417721519,36.730000000000004,0.9628192479523455,0.3716176470588235,10,48,42,46,28,0.13618748798467492,60.730000000000004,0.05952380952380952,0.25,2024,2,1,9,0.8854560256532099,0.4647231720437686,0.8660254037844386,0.5000000000000001,0.0,8.0,2.0,0.0,0.0,1.0,1.5,2.1213203435596424,3.0,3.25,3.4034296427770228,8.0,2.0,2.6726124191242433,8.0,1.6666666666666667,2.2292817160908505,8.0,3.0,3.0
2024-03-04,1,63.22349693251534,14.644180217382878,8.55,81.0,3458.294478527607,2002.6144545288394,10.021288343558282,55.45,0.929757307831108,0.12573529411764706,21,48,42,51,28,0.23162559693612098,72.45,0.125,0.25,2024,3,1,10,0.9350162426854148,0.35460488704253557,1.0,6.123233995736766e-17,3.0,0.0,8.0,2.0,1.0,2.0,2.0,1.4142135623730951,3.0,3.0,3.559026084010437,8.0,2.0,2.6726124191242433,8.0,1.5833333333333333,2.2343733444579574,8.0,-2.0,-1.0
2024-03-11,0,65.5943949044586,10.072401194224236,24.21,87.76,3560.458598726115,1966.9654634723242,7.959490445859871,34.760000000000005,0.9646234544773323,0.35602941176470587,10,46,42,45,28,0.1535558214828443,63.550000000000004,0.05952380952380952,0.25,2024,3,1,11,0.970941817426052,0.23931566428755804,1.0,6.123233995736766e-17,1.0,3.0,0.0,8.0,0.0,1.0,0.5,0.7071067811865476,1.0,1.0,1.4142135623730947,3.0,2.0,2.6726124191242433,8.0,1.5,2.2763607319179835,8.0,-1.0,-8.0
2024-03-18,2,67.02537037037037,7.16520804887848,18.16,88.0,3475.8888888888887,1996.1003099055342,9.059444444444445,36.14,0.9856672113289761,0.2670588235294118,3,47,42,50,28,0.10690292361362279,69.84,0.017857142857142856,0.25,2024,3,1,12,0.992708874098054,0.120536680255323,1.0,6.123233995736766e-17,0.0,1.0,3.0,0.0,2.0,1.0,1.0,1.4142135623730951,2.0,1.5,1.2909944487358054,3.0,2.0,2.6726124191242433,8.0,1.5833333333333333,2.2746961169005457,8.0,2.0,2.0
2024-03-25,0,66.759875,8.16482900547704,20.77,88.36,3513.9625,1978.993413178153,7.946124999999999,33.91,0.9817628676470589,0.3054411764705882,5,47,42,48,28,0.12230144237803083,67.59,0.02976190476190476,0.25,2024,3,1,13,1.0,-1.6081226496766366e-16,1.0,6.123233995736766e-17,2.0,0.0,1.0,3.0,0.0,0.0,1.0,1.4142135623730951,2.0,0.75,0.9574271077563377,2.0,2.0,2.6726124191242433,8.0,1.5833333333333333,2.2746961169005457,8.0,-2.0,-3.0
2024-04-01,0,68.95474025974026,6.530880211527603,16.88,86.0,3626.961038961039,1930.451573989326,10.46422077922078,44.120000000000005,1.0140402979373566,0.24823529411764705,2,45,42,42,28,0.09471256344272978,69.12,0.011904761904761904,0.25,2024,4,2,14,0.992708874098054,-0.12053668025532288,0.8660254037844387,-0.4999999999999998,0.0,2.0,0.0,1.0,2.0,1.0,0.0,0.0,0.0,0.5,0.9999999999999996,2.0,1.75,2.7645717829090892,8.0,1.5,2.315952582337635,8.0,0.0,-1.0
2024-04-08,3,65.30407407407408,11.935302693252998,3.0,98.0,3476.2283950617284,1995.662150656114,10.402098765432099,61.0,0.9603540305010893,0.04411764705882353,10,48,42,50,28,0.18276505505176974,95.0,0.05952380952380952,0.25,2024,4,2,15,0.9709418174260521,-0.2393156642875575,0.8660254037844387,-0.4999999999999998,0.0,0.0,2.0,0.0,8.0,0.0,1.5,2.1213203435596424,3.0,1.25,1.4999999999999998,3.0,1.125,1.3562026818605366,3.0,1.75,2.3011854652449335,8.0,3.0,3.0
2024-04-15,0,67.27145569620252,7.950339401155537,15.21,90.0,3549.73417721519,1965.6143864322212,9.110443037974683,47.79,0.989286113179449,0.2236764705882353,4,46,42,46,28,0.11818295470012155,74.78999999999999,0.023809523809523808,0.25,2024,4,2,16,0.9350162426854148,-0.35460488704253545,0.8660254037844387,-0.4999999999999998,3.0,0.0,0.0,2.0,0.0,2.0,1.5,2.1213203435596424,3.0,0.75,1.4999999999999998,3.0,1.125,1.3562026818605366,3.0,1.5833333333333333,2.3532698077098564,8.0,-3.0,-2.0
2024-04-22,1,67.92592356687899,6.964710861100838,20.91,85.93,3568.3503184713377,1957.647986567247,9.112038216560508,34.81999999999999,0.9989106406893968,0.3075,4,45,42,45,28,0.1025339148203627,65.02000000000001,0.023809523809523808,0.25,2024,4,2,17,0.8854560256532099,-0.4647231720437685,0.8660254037844387,-0.4999999999999998,0.0,3.0,0.0,0.0,3.0,0.0,0.5,0.7071067811865476,1.0,1.0,1.414213562373095,3.0,0.875,1.1259916264596022,3.0,1.6666666666666667,2.309401076758502,8.0,1.0,1.0
2024-04-29,0,64.7630303030303,11.696766252313983,4.85,81.0,3419.309090909091,2021.2078392609765,8.61539393939394,54.44,0.9523975044563281,0.0713235294117647,11,47,42,53,28,0.18060869291606763,76.15,0.06547619047619048,0.25,2024,4,2,18,0.8229838658936565,-0.5680647467311557,0.8660254037844387,-0.4999999999999998,1.0,0.0,3.0,0.0,1.0,2.0,0.5,0.7071067811865476,1.0,1.0,1.414213562373095,3.0,0.75,1.164964745021434,3.0,1.5,2.3548788812706567,8.0,-1.0,0.0
2024-05-06,1,67.23623456790123,10.181831158168754,9.6,87.0,3470.8456790123455,2003.3065758656805,9.866358024691358,52.4,0.9887681554103123,0.1411764705882353,8,47,42,50,28,0.15143369083059252,77.4,0.047619047619047616,0.25,2024,5,2,19,0.7485107481711013,-0.663122658240795,0.49999999999999994,-0.8660254037844387,0.0,1.0,0.0,3.0,0.0,8.0,0.5,0.7071067811865476,1.0,0.5,0.5773502691896253,1.0,0.875,1.1259916264596022,3.0,0.9166666666666666,1.164500152881313,3.0,1.0,-2.0
2024-05-13,7,68.1251282051282,6.18100310130129,34.27,90.0,3584.5576923076924,1953.4180407202696,9.61051282051282,39.099999999999994,1.00184012066365,0.5039705882352942,2,44,42,44,28,0.09073015000705725,55.73,0.011904761904761904,0.25,2024,5,2,20,0.6631226582407952,-0.7485107481711012,0.49999999999999994,-0.8660254037844387,1.0,0.0,1.0,0.0,2.0,0.0,4.0,4.242640687119285,7.0,2.25,3.2015621187164243,7.0,1.5,2.4494897427831774,7.0,1.5,2.0670576365276485,7.0,6.0,7.0
2024-05-20,0,66.46069182389937,10.33933004216821,7.87,82.0,3531.069182389937,1973.3284229452934,9.086603773584905,44.04,0.9773631150573437,0.11573529411764706,7,47,42,47,28,0.15557060509638226,74.13,0.041666666666666664,0.25,2024,5,2,21,0.5680647467311558,-0.8229838658936564,0.49999999999999994,-0.8660254037844387,7.0,1.0,0.0,1.0,0.0,3.0,3.5,4.949747468305833,7.0,2.0,3.366501646120693,7.0,1.5,2.4494897427831774,7.0,1.25,2.0504988306618097,7.0,-7.0,-1.0
2024-05-27,3,68.25792682926829,7.4841754098340925,13.75,80.82,3436.981707317073,2014.4404891497545,9.83792682926829,39.599999999999994,1.0037930416068868,0.20220588235294118,3,48,42,52,28,0.10964551309262673,67.07,0.017857142857142856,0.25,2024,5,2,22,0.46472317204376906,-0.8854560256532096,0.49999999999999994,-0.8660254037844387,0.0,7.0,1.0,0.0,0.0,1.0,1.5,2.1213203435596424,3.0,2.75,3.095695936834452,7.0,1.875,2.416461403433895,7.0,1.4166666666666667,2.108783937953268,7.0,3.0,3.0
2024-06-03,0,66.0594375,10.006500481330201,4.76,81.97,3512.3625,1981.3470307966093,9.3396875,56.24,0.9714623161764706,0.06999999999999999,8,47,42,48,28,0.15147722808463515,77.21,0.047619047619047616,0.25,2024,6,2,23,0.35460488704253584,-0.9350162426854147,1.2246467991473532e-16,-1.0,3.0,0.0,7.0,1.0,3.0,0.0,1.5,2.1213203435596424,3.0,2.5,3.3166247903554,7.0,1.5,2.4494897427831774,7.0,1.4166666666666667,2.108783937953268,7.0,-3.0,-1.0
2024-06-10,0,67.58006289308176,7.658778656048798,20.5,84.0,3534.3081761006288,1968.4370814600368,9.209874213836478,35.84,0.993824454310026,0.3014705882352941,4,47,42,47,28,0.11332896609116408,63.5,0.023809523809523808,0.25,2024,6,2,24,0.23931566428755768,-0.970941817426052,1.2246467991473532e-16,-1.0,0.0,3.0,0.0,7.0,0.0,2.0,0.0,0.0,0.0,0.75,1.5,3.0,1.5,2.4494897427831774,7.0,1.25,2.137330535547044,7.0,0.0,-7.0
2024-06-17,0,68.9434375,5.2707427957272515,28.47,84.71,3515.05625,1977.2585374351195,10.0265625,37.209999999999994,1.013874080882353,0.41867647058823526,2,47,42,48,28,0.0764502465622961,56.239999999999995,0.011904761904761904,0.25,2024,6,2,25,0.12053668025532308,-0.992708874098054,1.2246467991473532e-16,-1.0,0.0,0.0,3.0,0.0,1.0,0.0,0.0,0.0,0.0,0.75,1.5,3.0,1.375,2.50356888118884,7.0,1.25,2.137330535547044,7.0,0.0,0.0
2024-06-24,1,65.58250000000001,12.737460494408834,5.19,86.0,3442.182926829268,2006.9899362899896,11.171524390243901,56.28,0.9644485294117646,0.0763235294117647,9,48,42,52,28,0.19422041694672865,80.81,0.05357142857142857,0.25,2024,6,2,26,-3.216245299353273e-16,-1.0,1.2246467991473532e-16,-1.0,0.0,0.0,0.0,3.0,0.0,0.0,0.5,0.7071067811865476,1.0,0.25,0.5,1.0,1.5,2.4494897427831774,7.0,1.3333333333333333,2.103388319888275,7.0,1.0,-2.0
2024-07-01,2,57.628404907975465,20.964487548726698,7.29,83.0,3455.042944785276,2007.2572323720228,14.995276073619632,54.63,0.8474765427643449,0.10720588235294118,32,46,42,51,28,0.36378739932510823,75.71,0.19047619047619047,0.25,2024,7,3,27,-0.12053668025532283,-0.992708874098054,-0.4999999999999997,-0.8660254037844388,1.0,0.0,0.0,0.0,1.0,3.0,1.5,0.7071067811865476,2.0,0.75,0.9574271077563381,2.0,1.625,2.4458419526091326,7.0,1.25,2.0504988306618097,7.0,1.0,2.0
2024-07-08,2,68.11785276073618,9.147580921693317,8.61,86.0,3460.9325153374234,1998.716177853984,11.050490797546013,51.41,1.0017331288343558,0.12661764705882353,4,48,42,51,28,0.13429050610012877,77.39,0.023809523809523808,0.25,2024,7,3,28,-0.23931566428755743,-0.9709418174260521,-0.4999999999999997,-0.8660254037844388,2.0,1.0,0.0,0.0,7.0,0.0,2.0,0.0,2.0,1.25,0.9574271077563381,2.0,1.0,1.1952286093343922,3.0,1.4166666666666667,2.0207259421636894,7.0,0.0,2.0
2024-07-15,2,57.86335365853659,18.470361643349644,7.12,80.89,3439.7073170731705,2010.602159216367,12.987256097560975,55.88,0.8509316714490675,0.10470588235294118,35,48,42,52,28,0.31920655260230857,73.77,0.20833333333333334,0.25,2024,7,3,29,-0.3546048870425356,-0.9350162426854148,-0.4999999999999997,-0.8660254037844388,2.0,2.0,1.0,0.0,0.0,1.0,2.0,0.0,2.0,1.75,0.4999999999999999,2.0,1.25,1.1649647450214335,3.0,1.5,2.0225995873897253,7.0,0.0,2.0
2024-07-22,1,65.48908536585365,10.913844183596979,11.3,88.0,3430.298780487805,2020.7302245089274,8.599329268292683,31.310000000000002,0.9630747847919655,0.16617647058823531,8,47,41,53,28,0.16665134537498844,76.7,0.047619047619047616,0.24404761904761904,2024,7,3,30,-0.46472317204376806,-0.8854560256532101,-0.4999999999999997,-0.8660254037844388,2.0,2.0,2.0,1.0,3.0,0.0,1.5,0.7071067811865476,2.0,1.75,0.4999999999999999,2.0,1.0,0.9258200997725495,2.0,1.5833333333333333,1.9752253419585188,7.0,-1.0,0.0
2024-07-29,0,67.02536585365854,8.267494512214794,12.0,83.43,3439.932926829268,2010.268578128252,8.487926829268293,39.0,0.9856671449067432,0.17647058823529413,5,47,42,52,28,0.12334874128499096,71.43,0.02976190476190476,0.25,2024,7,3,31,-0.5680647467311556,-0.8229838658936566,-0.4999999999999997,-0.8660254037844388,1.0,2.0,2.0,2.0,0.0,1.0,0.5,0.7071067811865476,1.0,1.25,0.9574271077563381,2.0,1.0,0.9258200997725495,2.0,1.5,2.0225995873897253,7.0,-1.0,-2.0
2024-08-05,2,64.04951515151515,12.80598849081566,8.36,73.26,3413.3515151515153,2025.9269959099797,9.935575757575759,52.64,0.9419046345811051,0.12294117647058822,13,48,42,53,28,0.19993888260546375,64.9,0.07738095238095238,0.25,2024,8,3,32,-0.663122658240795,-0.7485107481711013,-0.8660254037844385,-0.5000000000000004,0.0,1.0,2.0,2.0,0.0,7.0,1.0,1.4142135623730951,2.0,1.25,0.9574271077563381,2.0,1.25,0.8864052604279163,2.0,1.0833333333333333,1.08362466945083,3.0,2.0,0.0
2024-08-12,0,66.44970238095237,9.717085848952987,12.07,72.89,3369.8809523809523,2036.4540621922824,8.430178571428572,42.28,0.9772015056022408,0.1775,11,48,42,56,28,0.14623219519096542,60.82,0.06547619047619048,0.25,2024,8,3,33,-0.7485107481711011,-0.6631226582407952,-0.8660254037844385,-0.5000000000000004,2.0,0.0,1.0,2.0,0.0,0.0,1.0,1.4142135623730951,2.0,0.75,0.9574271077563381,2.0,1.25,0.8864052604279163,2.0,1.0833333333333333,1.08362466945083,3.0,-2.0,-2.0
2024-08-19,0,66.69500000000001,8.823846500583986,22.79,74.91,3369.8809523809523,2036.4540621922824,8.202738095238095,32.150000000000006,0.9808088235294118,0.3351470588235294,10,48,42,56,28,0.13230146938427145,52.12,0.05952380952380952,0.25,2024,8,3,34,-0.8229838658936564,-0.5680647467311559,-0.8660254037844385,-0.5000000000000004,0.0,2.0,0.0,1.0,1.0,3.0,0.0,0.0,0.0,0.5,1.0,2.0,1.125,0.9910312089651132,2.0,0.8333333333333334,0.93743686656109,2.0,0.0,-1.0
2024-08-26,1,66.64261904761904,9.035895366567889,26.98,75.21,3369.8809523809523,2036.4540621922824,8.032142857142858,31.230000000000004,0.9800385154061625,0.39676470588235296,10,48,42,56,28,0.1355873387885814,48.22999999999999,0.05952380952380952,0.25,2024,8,3,35,-0.8854560256532096,-0.4647231720437691,-0.8660254037844385,-0.5000000000000004,0.0,0.0,2.0,0.0,2.0,0.0,0.5,0.7071067811865476,1.0,0.75,0.9574271077563381,2.0,1.0,0.9258200997725496,2.0,0.9166666666666666,0.9003366373785179,2.0,1.0,1.0
2024-09-02,0,67.06583333333333,9.019731956707934,14.76,72.61,3369.8809523809523,2036.4540621922824,8.469285714285714,31.409999999999997,0.9862622549019607,0.21705882352941175,9,48,42,56,28,0.13449071618744668,57.85,0.05357142857142857,0.25,2024,9,3,36,-0.9350162426854147,-0.3546048870425359,-1.0,-1.8369701987210297e-16,1.0,0.0,0.0,2.0,2.0,0.0,0.5,0.7071067811865476,1.0,0.25,0.49999999999999994,1.0,0.75,0.8864052604279166,2.0,0.9166666666666666,0.9003366373785179,2.0,-1.0,-2.0
2024-09-09,3,67.12071428571429,7.667000801039996,24.32,72.93,3369.8809523809523,2036.4540621922824,8.14154761904762,33.650000000000006,0.9870693277310926,0.35764705882352943,6,48,42,56,28,0.11422704425348779,48.61000000000001,0.03571428571428571,0.25,2024,9,3,37,-0.970941817426052,-0.23931566428755774,-1.0,-1.8369701987210297e-16,0.0,1.0,0.0,0.0,2.0,0.0,1.5,2.1213203435596424,3.0,1.0,1.4142135623730951,3.0,0.875,1.125991626459602,3.0,1.1666666666666667,1.0298573010888727,3.0,3.0,3.0
2024-09-16,4,63.45363095238095,10.847429311379884,9.79,72.01,3369.8809523809523,2036.4540621922824,7.582440476190477,53.21,0.9331416316526612,0.1439705882352941,12,48,42,56,28,0.17095049012278563,62.220000000000006,0.07142857142857142,0.25,2024,9,3,38,-0.992708874098054,-0.12053668025532357,-1.0,-1.8369701987210297e-16,3.0,0.0,1.0,0.0,1.0,1.0,3.5,0.7071067811865476,4.0,2.0,1.8257418583505538,4.0,1.25,1.5811388300841887,4.0,1.4166666666666667,1.3113721705515053,4.0,1.0,4.0
2024-09-23,3,67.14547619047619,9.061042147668504,17.44,73.47,3369.8809523809523,2036.4540621922824,8.48952380952381,33.39,0.9874334733893557,0.2564705882352941,9,48,42,56,28,0.13494642769327336,56.03,0.05357142857142857,0.25,2024,9,3,39,-1.0,-1.8369701987210297e-16,-1.0,-1.8369701987210297e-16,4.0,3.0,0.0,1.0,0.0,2.0,3.5,0.7071067811865476,4.0,2.5,1.7320508075688772,4.0,1.625,1.5979898086569344,4.0,1.5,1.3816985594155138,4.0,-1.0,2.0
2024-09-30,1,65.97053571428572,9.593208754233887,22.09,73.14,3369.8809523809523,2036.4540621922824,7.743392857142856,32.870000000000005,0.9701549369747899,0.32485294117647057,10,48,42,56,28,0.14541656590119983,51.05,0.05952380952380952,0.25,2024,9,3,40,-0.992708874098054,0.1205366802553232,-1.0,-1.8369701987210297e-16,3.0,4.0,3.0,0.0,2.0,2.0,2.0,1.4142135623730951,3.0,2.75,1.2583057392117916,4.0,1.5,1.6035674514745455,4.0,1.4166666666666667,1.3789543689024477,4.0,-2.0,1.0
2024-10-07,0,67.35755952380953,7.764092807416988,25.84,74.14,3369.8809523809523,2036.4540621922824,8.207083333333333,32.629999999999995,0.9905523459383753,0.38,7,48,42,56,28,0.11526683660016719,48.3,0.041666666666666664,0.25,2024,10,4,41,-0.9709418174260521,0.23931566428755738,-0.8660254037844386,0.5000000000000001,1.0,3.0,4.0,3.0,0.0,2.0,0.5,0.7071067811865476,1.0,2.0,1.8257418583505538,4.0,1.5,1.6035674514745455,4.0,1.25,1.4222261679238184,4.0,-1.0,-3.0
2024-10-14,0,68.44255952380952,4.90026872011829,33.72,73.06,3369.8809523809523,2036.4540621922824,9.140654761904763,32.629999999999995,1.0065082282913165,0.49588235294117644,2,48,42,56,28,0.07159680693141822,39.34,0.011904761904761904,0.25,2024,10,4,42,-0.9350162426854148,0.35460488704253557,-0.8660254037844386,0.5000000000000001,0.0,1.0,3.0,4.0,0.0,1.0,0.0,0.0,0.0,1.0,1.4142135623730951,3.0,1.5,1.6035674514745455,4.0,1.1666666666666667,1.4668044012461745,4.0,0.0,-4.0
2024-10-21,0,67.69125,8.384224792683673,20.46,74.89,3369.8809523809523,2036.4540621922824,8.868154761904762,33.06,0.9954595588235294,0.3008823529411765,8,48,42,56,28,0.12385980156495371,54.43,0.047619047619047616,0.25,2024,10,4,43,-0.8854560256532101,0.464723172043768,-0.8660254037844386,0.5000000000000001,0.0,0.0,1.0,3.0,1.0,0.0,0.0,0.0,0.0,0.25,0.5000000000000001,1.0,1.375,1.6850180160122061,4.0,1.1666666666666667,1.4668044012461745,4.0,0.0,-3.0
2024-10-28,3,66.64422619047619,8.856311494626247,23.22,74.06,3369.8809523809523,2036.4540621922824,7.9938690476190475,32.78,0.980062149859944,0.3414705882352941,10,48,42,56,28,0.1328894039419706,50.84,0.05952380952380952,0.25,2024,10,4,44,-0.822983865893657,0.5680647467311548,-0.8660254037844386,0.5000000000000001,0.0,0.0,0.0,1.0,0.0,2.0,1.5,2.1213203435596424,3.0,0.75,1.5,3.0,1.75,1.6690459207925594,4.0,1.25,1.5447859516333105,4.0,3.0,2.0
2024-11-04,2,66.88702380952381,8.837865022454142,23.76,74.45,3369.8809523809523,2036.4540621922824,8.1825,33.55,0.9836327030812325,0.34941176470588237,8,48,42,56,28,0.13213123441733626,50.69,0.047619047619047616,0.25,2024,11,4,45,-0.7485107481711011,0.6631226582407952,-0.5000000000000004,0.8660254037844384,3.0,0.0,0.0,0.0,3.0,0.0,2.5,0.7071067811865476,3.0,1.25,1.5,3.0,1.625,1.5979898086569344,4.0,1.4166666666666667,1.5050420310248853,4.0,-1.0,2.0
2024-11-11,1,65.03089285714286,11.05266666987645,9.42,73.43,3369.8809523809523,2036.4540621922824,7.586369047619048,34.58,0.9563366596638655,0.13852941176470587,11,48,42,56,28,0.169960247880288,64.01,0.06547619047619048,0.25,2024,11,4,46,-0.6631226582407955,0.7485107481711007,-0.5000000000000004,0.8660254037844384,2.0,3.0,0.0,0.0,4.0,0.0,1.5,0.7071067811865476,2.0,1.5,1.2909944487358054,3.0,1.25,1.2817398889233103,3.0,1.5,1.445997610962441,4.0,-1.0,1.0
2024-11-18,4,66.20797619047619,10.1521024376048,23.09,75.79,3369.8809523809523,2036.4540621922824,7.946785714285714,28.480000000000004,0.9736467086834734,0.33955882352941175,11,48,42,56,28,0.1533365467688944,52.7,0.06547619047619048,0.25,2024,11,4,47,-0.5680647467311559,0.8229838658936564,-0.5000000000000004,0.8660254037844384,1.0,2.0,3.0,0.0,3.0,1.0,2.5,2.1213203435596424,4.0,2.5,1.2909944487358054,4.0,1.375,1.5059406173077143,4.0,1.75,1.6025547785276526,4.0,3.0,4.0
2024-11-25,2,66.98041666666666,8.724425712731241,26.54,79.49,3369.8809523809523,2036.4540621922824,8.34577380952381,33.209999999999994,0.9850061274509804,0.3902941176470588,7,48,42,56,28,0.13025338071796472,52.949999999999996,0.041666666666666664,0.25,2024,11,4,48,-0.4647231720437684,0.88545602565321,-0.5000000000000004,0.8660254037844384,4.0,1.0,2.0,3.0,1.0,0.0,3.0,1.4142135623730951,4.0,2.25,1.2583057392117916,4.0,1.5,1.511857892036908,4.0,1.9166666666666667,1.5050420310248849,4.0,-2.0,-1.0
2024-12-02,2,68.46130952380952,7.012224446497165,19.11,73.64,3369.8809523809523,2036.4540621922824,10.140119047619047,39.06999999999999,1.006783963585434,0.28102941176470586,5,48,42,56,28,0.10242609285845532,54.53,0.02976190476190476,0.25,2024,12,4,49,-0.35460488704253595,0.9350162426854147,-2.4492935982947064e-16,1.0,2.0,4.0,1.0,2.0,0.0,3.0,2.0,0.0,2.0,2.25,1.2583057392117916,4.0,1.75,1.388730149658826,4.0,1.8333333333333333,1.466804401246174,4.0,0.0,0.0
2024-12-09,4,66.04809523809524,9.293686798802117,23.26,80.98,3369.8809523809523,2036.4540621922824,7.820119047619047,34.39,0.971295518207283,0.3420588235294118,9,48,42,56,28,0.1407108981008388,57.72,0.05357142857142857,0.25,2024,12,4,50,-0.2393156642875578,0.970941817426052,-2.4492935982947064e-16,1.0,2.0,2.0,4.0,1.0,0.0,4.0,3.0,1.4142135623730951,4.0,3.0,1.1547005383792515,4.0,2.25,1.388730149658826,4.0,1.8333333333333333,1.466804401246174,4.0,2.0,3.0
2024-12-16,3,62.74566265060241,9.88452438337352,19.91,98.0,3403.885542168675,2024.7033794358117,5.969879518072289,37.0,0.9227303330970942,0.2927941176470588,12,48,42,54,28,0.15753318979855607,78.09,0.07142857142857142,0.25,2024,12,4,51,-0.12053668025532363,0.992708874098054,-2.4492935982947064e-16,1.0,4.0,2.0,2.0,4.0,0.0,3.0,3.5,0.7071067811865476,4.0,2.75,0.957427107756338,4.0,2.625,1.0606601717798196,4.0,1.8333333333333333,1.466804401246174,4.0,-1.0,-1.0
2024-12-23,2,64.15374233128834,10.167883174692003,9.74,85.0,3459.963190184049,2000.183324590526,7.4991411042944796,51.26,0.9434373872248286,0.14323529411764707,10,48,42,51,28,0.1584924402723898,75.26,0.05952380952380952,0.25,2024,12,4,52,6.432490598706546e-16,1.0,-2.4492935982947064e-16,1.0,3.0,4.0,2.0,2.0,3.0,1.0,2.5,0.7071067811865476,3.0,2.75,0.957427107756338,4.0,2.5,1.069044967649696,4.0,1.9166666666666667,1.443375672974063,4.0,-1.0,0.0
2024-12-30,0,67.19796407185629,8.424611716691437,11.54,87.0,3387.622754491018,2029.5141700582108,10.038443113772454,39.709999999999994,0.9882053539978866,0.16970588235294115,2,48,42,55,28,0.12537004406387686,75.46000000000001,0.011904761904761904,0.25,2024,12,4,1,0.12053668025532305,0.992708874098054,-2.4492935982947064e-16,1.0,2.0,3.0,4.0,2.0,2.0,0.0,1.0,1.4142135623730951,2.0,2.25,1.707825127659933,4.0,2.25,1.388730149658826,4.0,1.9166666666666667,1.443375672974063,4.0,-2.0,-2.0
2025-01-06,0,66.70636363636363,3.279366293972556,62.8,76.53,3823.318181818182,2030.4834373068625,8.186363636363637,32.95,0.980975935828877,0.9235294117647058,0,0,6,6,4,0.04916122113700222,13.730000000000004,0.0,0.03571428571428571,2025,1,1,2,0.23931566428755774,0.970941817426052,0.49999999999999994,0.8660254037844387,0.0,2.0,3.0,4.0,1.0,0.0,0.0,0.0,0.0,1.25,1.4999999999999998,3.0,2.125,1.5526475085202958,4.0,1.9166666666666667,1.443375672974063,4.0,0.0,-4.0
